"location","sex","year","age","val"
"Global","Female",2022,"0 to 4",322432290
"Global","Female",2022,"5 to 9",331633786
"Global","Female",2022,"10 to 14",322325070
"Global","Female",2022,"15 to 19",304349929
"Global","Female",2022,"20 to 24",292420203
"Global","Female",2022,"25 to 29",287903727
"Global","Female",2022,"30 to 34",295973101
"Global","Female",2022,"35 to 39",279304075
"Global","Female",2022,"40 to 44",252470337
"Global","Female",2022,"45 to 49",235879476
"Global","Female",2022,"50 to 54",229121723
"Global","Female",2022,"55 to 59",208054801
"Global","Female",2022,"60 to 64",168407265
"Global","Female",2022,"65 to 69",149479970
"Global","Female",2022,"70 to 74",114407175
"Global","Female",2022,"75 to 79",74770670
"Global","Female",2022,"80 to 84",51630118
"Global","Female",2022,"85 to 89",29498214
"Global","Female",2022,"90 to 94",12573520
"Global","Female",2022,"95 plus",3890108
"Global","Female",2023,"0 to 4",319557714
"Global","Female",2023,"5 to 9",331015496
"Global","Female",2023,"10 to 14",325046485
"Global","Female",2023,"15 to 19",307629577
"Global","Female",2023,"20 to 24",294184526
"Global","Female",2023,"25 to 29",287497452
"Global","Female",2023,"30 to 34",294461443
"Global","Female",2023,"35 to 39",283742580
"Global","Female",2023,"40 to 44",258134000
"Global","Female",2023,"45 to 49",235655908
"Global","Female",2023,"50 to 54",231469447
"Global","Female",2023,"55 to 59",210274344
"Global","Female",2023,"60 to 64",173807304
"Global","Female",2023,"65 to 69",152556237
"Global","Female",2023,"70 to 74",119189625
"Global","Female",2023,"75 to 79",78620257
"Global","Female",2023,"80 to 84",52173305
"Global","Female",2023,"85 to 89",30311033
"Global","Female",2023,"90 to 94",12939489
"Global","Female",2023,"95 plus",4057530
"Global","Female",2024,"0 to 4",317870545
"Global","Female",2024,"5 to 9",329407713
"Global","Female",2024,"10 to 14",327064116
"Global","Female",2024,"15 to 19",311182871
"Global","Female",2024,"20 to 24",296232075
"Global","Female",2024,"25 to 29",287526796
"Global","Female",2024,"30 to 34",292398875
"Global","Female",2024,"35 to 39",288227513
"Global","Female",2024,"40 to 44",262996284
"Global","Female",2024,"45 to 49",236673085
"Global","Female",2024,"50 to 54",232586284
"Global","Female",2024,"55 to 59",212733178
"Global","Female",2024,"60 to 64",181210274
"Global","Female",2024,"65 to 69",154453307
"Global","Female",2024,"70 to 74",123946958
"Global","Female",2024,"75 to 79",83250699
"Global","Female",2024,"80 to 84",53040058
"Global","Female",2024,"85 to 89",31250902
"Global","Female",2024,"90 to 94",13367927
"Global","Female",2024,"95 plus",4251725
"Global","Female",2025,"0 to 4",317304313
"Global","Female",2025,"5 to 9",326874751
"Global","Female",2025,"10 to 14",328601265
"Global","Female",2025,"15 to 19",314647822
"Global","Female",2025,"20 to 24",298191841
"Global","Female",2025,"25 to 29",288220727
"Global","Female",2025,"30 to 34",289553285
"Global","Female",2025,"35 to 39",292323336
"Global","Female",2025,"40 to 44",267558596
"Global","Female",2025,"45 to 49",239516980
"Global","Female",2025,"50 to 54",232680661
"Global","Female",2025,"55 to 59",216026769
"Global","Female",2025,"60 to 64",188497710
"Global","Female",2025,"65 to 69",155325661
"Global","Female",2025,"70 to 74",128523312
"Global","Female",2025,"75 to 79",88534949
"Global","Female",2025,"80 to 84",53998834
"Global","Female",2025,"85 to 89",32206138
"Global","Female",2025,"90 to 94",13840329
"Global","Female",2025,"95 plus",4462258
"Global","Female",2026,"0 to 4",317772031
"Global","Female",2026,"5 to 9",323422895
"Global","Female",2026,"10 to 14",329803640
"Global","Female",2026,"15 to 19",317912511
"Global","Female",2026,"20 to 24",300207297
"Global","Female",2026,"25 to 29",289499485
"Global","Female",2026,"30 to 34",287334948
"Global","Female",2026,"35 to 39",294446104
"Global","Female",2026,"40 to 44",272168813
"Global","Female",2026,"45 to 49",243780155
"Global","Female",2026,"50 to 54",232110801
"Global","Female",2026,"55 to 59",219678992
"Global","Female",2026,"60 to 64",195526060
"Global","Female",2026,"65 to 69",156135759
"Global","Female",2026,"70 to 74",132455255
"Global","Female",2026,"75 to 79",93724095
"Global","Female",2026,"80 to 84",55608569
"Global","Female",2026,"85 to 89",33146372
"Global","Female",2026,"90 to 94",14372458
"Global","Female",2026,"95 plus",4670397
"Global","Female",2027,"0 to 4",318620035
"Global","Female",2027,"5 to 9",319663836
"Global","Female",2027,"10 to 14",330365253
"Global","Female",2027,"15 to 19",321124622
"Global","Female",2027,"20 to 24",302878448
"Global","Female",2027,"25 to 29",291018541
"Global","Female",2027,"30 to 34",286411764
"Global","Female",2027,"35 to 39",293959308
"Global","Female",2027,"40 to 44",276691349
"Global","Female",2027,"45 to 49",249300652
"Global","Female",2027,"50 to 54",231668933
"Global","Female",2027,"55 to 59",223295257
"Global","Female",2027,"60 to 64",200341338
"Global","Female",2027,"65 to 69",158400736
"Global","Female",2027,"70 to 74",136003705
"Global","Female",2027,"75 to 79",98476977
"Global","Female",2027,"80 to 84",58365360
"Global","Female",2027,"85 to 89",33935183
"Global","Female",2027,"90 to 94",14937189
"Global","Female",2027,"95 plus",4874975
"Global","Female",2028,"0 to 4",319504952
"Global","Female",2028,"5 to 9",316821291
"Global","Female",2028,"10 to 14",329759790
"Global","Female",2028,"15 to 19",323853193
"Global","Female",2028,"20 to 24",306167756
"Global","Female",2028,"25 to 29",292793209
"Global","Female",2028,"30 to 34",286029175
"Global","Female",2028,"35 to 39",292484561
"Global","Female",2028,"40 to 44",281157128
"Global","Female",2028,"45 to 49",254979921
"Global","Female",2028,"50 to 54",231533312
"Global","Female",2028,"55 to 59",225743818
"Global","Female",2028,"60 to 64",202708549
"Global","Female",2028,"65 to 69",163880470
"Global","Female",2028,"70 to 74",139153816
"Global","Female",2028,"75 to 79",102959927
"Global","Female",2028,"80 to 84",61813423
"Global","Female",2028,"85 to 89",34624944
"Global","Female",2028,"90 to 94",15504633
"Global","Female",2028,"95 plus",5085047
"Global","Female",2029,"0 to 4",320386225
"Global","Female",2029,"5 to 9",315159542
"Global","Female",2029,"10 to 14",328165312
"Global","Female",2029,"15 to 19",325877736
"Global","Female",2029,"20 to 24",309718530
"Global","Female",2029,"25 to 29",294835564
"Global","Female",2029,"30 to 34",286063558
"Global","Female",2029,"35 to 39",290438763
"Global","Female",2029,"40 to 44",285636790
"Global","Female",2029,"45 to 49",259818076
"Global","Female",2029,"50 to 54",232560237
"Global","Female",2029,"55 to 59",226882108
"Global","Female",2029,"60 to 64",205185320
"Global","Female",2029,"65 to 69",171099579
"Global","Female",2029,"70 to 74",140987155
"Global","Female",2029,"75 to 79",107209163
"Global","Female",2029,"80 to 84",65684827
"Global","Female",2029,"85 to 89",35375243
"Global","Female",2029,"90 to 94",16048788
"Global","Female",2029,"95 plus",5301250
"Global","Female",2030,"0 to 4",321291862
"Global","Female",2030,"5 to 9",314624090
"Global","Female",2030,"10 to 14",325647860
"Global","Female",2030,"15 to 19",327424401
"Global","Female",2030,"20 to 24",313181899
"Global","Female",2030,"25 to 29",296791140
"Global","Female",2030,"30 to 34",286758833
"Global","Female",2030,"35 to 39",287609872
"Global","Female",2030,"40 to 44",289727480
"Global","Female",2030,"45 to 49",264357839
"Global","Female",2030,"50 to 54",235388016
"Global","Female",2030,"55 to 59",227001301
"Global","Female",2030,"60 to 64",208457913
"Global","Female",2030,"65 to 69",178173470
"Global","Female",2030,"70 to 74",141848566
"Global","Female",2030,"75 to 79",111311023
"Global","Female",2030,"80 to 84",70040054
"Global","Female",2030,"85 to 89",36155496
"Global","Female",2030,"90 to 94",16612349
"Global","Female",2030,"95 plus",5536959
"Global","Female",2031,"0 to 4",322209818
"Global","Female",2031,"5 to 9",315130141
"Global","Female",2031,"10 to 14",322213780
"Global","Female",2031,"15 to 19",328638056
"Global","Female",2031,"20 to 24",316446745
"Global","Female",2031,"25 to 29",298804964
"Global","Female",2031,"30 to 34",288037700
"Global","Female",2031,"35 to 39",285406324
"Global","Female",2031,"40 to 44",291853677
"Global","Female",2031,"45 to 49",268948756
"Global","Female",2031,"50 to 54",239619279
"Global","Female",2031,"55 to 59",226463147
"Global","Female",2031,"60 to 64",212074696
"Global","Female",2031,"65 to 69",184984590
"Global","Female",2031,"70 to 74",142655796
"Global","Female",2031,"75 to 79",114849643
"Global","Female",2031,"80 to 84",74314313
"Global","Female",2031,"85 to 89",37412974
"Global","Female",2031,"90 to 94",17189961
"Global","Female",2031,"95 plus",5794084
"Global","Female",2032,"0 to 4",323147788
"Global","Female",2032,"5 to 9",316015189
"Global","Female",2032,"10 to 14",318472878
"Global","Female",2032,"15 to 19",329212203
"Global","Female",2032,"20 to 24",319659871
"Global","Female",2032,"25 to 29",301474067
"Global","Female",2032,"30 to 34",289555287
"Global","Female",2032,"35 to 39",284494816
"Global","Female",2032,"40 to 44",291380211
"Global","Female",2032,"45 to 49",273455469
"Global","Female",2032,"50 to 54",245095104
"Global","Female",2032,"55 to 59",226047922
"Global","Female",2032,"60 to 64",215647220
"Global","Female",2032,"65 to 69",189666726
"Global","Female",2032,"70 to 74",144872818
"Global","Female",2032,"75 to 79",118067208
"Global","Female",2032,"80 to 84",78227855
"Global","Female",2032,"85 to 89",39513991
"Global","Female",2032,"90 to 94",17696279
"Global","Female",2032,"95 plus",6059224
"Global","Female",2033,"0 to 4",324093714
"Global","Female",2033,"5 to 9",316936110
"Global","Female",2033,"10 to 14",315647532
"Global","Female",2033,"15 to 19",328620544
"Global","Female",2033,"20 to 24",322391948
"Global","Female",2033,"25 to 29",304760086
"Global","Female",2033,"30 to 34",291326835
"Global","Female",2033,"35 to 39",284122043
"Global","Female",2033,"40 to 44",289922831
"Global","Female",2033,"45 to 49",277907727
"Global","Female",2033,"50 to 54",250725671
"Global","Female",2033,"55 to 59",225931835
"Global","Female",2033,"60 to 64",218076457
"Global","Female",2033,"65 to 69",192021998
"Global","Female",2033,"70 to 74",150162081
"Global","Female",2033,"75 to 79",120944094
"Global","Female",2033,"80 to 84",81892349
"Global","Female",2033,"85 to 89",42087497
"Global","Female",2033,"90 to 94",18164307
"Global","Female",2033,"95 plus",6324427
"Global","Female",2034,"0 to 4",325025827
"Global","Female",2034,"5 to 9",317852485
"Global","Female",2034,"10 to 14",314001287
"Global","Female",2034,"15 to 19",327040220
"Global","Female",2034,"20 to 24",324423168
"Global","Female",2034,"25 to 29",308307067
"Global","Female",2034,"30 to 34",293365541
"Global","Female",2034,"35 to 39",284163435
"Global","Female",2034,"40 to 44",287897335
"Global","Female",2034,"45 to 49",282374882
"Global","Female",2034,"50 to 54",255523624
"Global","Female",2034,"55 to 59",226960726
"Global","Female",2034,"60 to 64",219225625
"Global","Female",2034,"65 to 69",194494103
"Global","Female",2034,"70 to 74",157066484
"Global","Female",2034,"75 to 79",122634899
"Global","Female",2034,"80 to 84",85374789
"Global","Female",2034,"85 to 89",44916198
"Global","Female",2034,"90 to 94",18667800
"Global","Female",2034,"95 plus",6583797
"Global","Female",2035,"0 to 4",325945326
"Global","Female",2035,"5 to 9",318791990
"Global","Female",2035,"10 to 14",313480155
"Global","Female",2035,"15 to 19",324537365
"Global","Female",2035,"20 to 24",325979072
"Global","Female",2035,"25 to 29",311767090
"Global","Female",2035,"30 to 34",295318456
"Global","Female",2035,"35 to 39",284862721
"Global","Female",2035,"40 to 44",285091583
"Global","Female",2035,"45 to 49",286457287
"Global","Female",2035,"50 to 54",260031438
"Global","Female",2035,"55 to 59",229763651
"Global","Female",2035,"60 to 64",219374419
"Global","Female",2035,"65 to 69",197725274
"Global","Female",2035,"70 to 74",163797494
"Global","Female",2035,"75 to 79",123468375
"Global","Female",2035,"80 to 84",88786754
"Global","Female",2035,"85 to 89",48043421
"Global","Female",2035,"90 to 94",19172264
"Global","Female",2035,"95 plus",6865762
"Global","Female",2036,"0 to 4",326843766
"Global","Female",2036,"5 to 9",319742845
"Global","Female",2036,"10 to 14",313999028
"Global","Female",2036,"15 to 19",321117996
"Global","Female",2036,"20 to 24",327203816
"Global","Female",2036,"25 to 29",315029878
"Global","Female",2036,"30 to 34",297329896
"Global","Female",2036,"35 to 39",286142237
"Global","Female",2036,"40 to 44",282907638
"Global","Female",2036,"45 to 49",288586303
"Global","Female",2036,"50 to 54",264595165
"Global","Female",2036,"55 to 59",233949229
"Global","Female",2036,"60 to 64",218877701
"Global","Female",2036,"65 to 69",201282715
"Global","Female",2036,"70 to 74",170249643
"Global","Female",2036,"75 to 79",124261274
"Global","Female",2036,"80 to 84",91747255
"Global","Female",2036,"85 to 89",51106348
"Global","Female",2036,"90 to 94",19964756
"Global","Female",2036,"95 plus",7167608
"Global","Female",2037,"0 to 4",327709111
"Global","Female",2037,"5 to 9",320713785
"Global","Female",2037,"10 to 14",314896017
"Global","Female",2037,"15 to 19",317391299
"Global","Female",2037,"20 to 24",327790751
"Global","Female",2037,"25 to 29",318242924
"Global","Female",2037,"30 to 34",299995619
"Global","Female",2037,"35 to 39",287657340
"Global","Female",2037,"40 to 44",282010329
"Global","Female",2037,"45 to 49",288128932
"Global","Female",2037,"50 to 54",269079884
"Global","Female",2037,"55 to 59",239362452
"Global","Female",2037,"60 to 64",218497815
"Global","Female",2037,"65 to 69",204785432
"Global","Female",2037,"70 to 74",174697261
"Global","Female",2037,"75 to 79",126382685
"Global","Female",2037,"80 to 84",94471664
"Global","Female",2037,"85 to 89",53913190
"Global","Female",2037,"90 to 94",21270342
"Global","Female",2037,"95 plus",7446826
"Global","Female",2038,"0 to 4",328559198
"Global","Female",2038,"5 to 9",321693604
"Global","Female",2038,"10 to 14",315828747
"Global","Female",2038,"15 to 19",314578985
"Global","Female",2038,"20 to 24",327213227
"Global","Female",2038,"25 to 29",320978265
"Global","Female",2038,"30 to 34",303277251
"Global","Female",2038,"35 to 39",289424492
"Global","Female",2038,"40 to 44",281649039
"Global","Female",2038,"45 to 49",286693137
"Global","Female",2038,"50 to 54",273512711
"Global","Female",2038,"55 to 59",244925805
"Global","Female",2038,"60 to 64",218408433
"Global","Female",2038,"65 to 69",207181260
"Global","Female",2038,"70 to 74",177011611
"Global","Female",2038,"75 to 79",131345612
"Global","Female",2038,"80 to 84",96934110
"Global","Female",2038,"85 to 89",56518252
"Global","Female",2038,"90 to 94",22835307
"Global","Female",2038,"95 plus",7714624
"Global","Female",2039,"0 to 4",329355172
"Global","Female",2039,"5 to 9",322659975
"Global","Female",2039,"10 to 14",316756882
"Global","Female",2039,"15 to 19",312944756
"Global","Female",2039,"20 to 24",325647586
"Global","Female",2039,"25 to 29",323016128
"Global","Female",2039,"30 to 34",306819866
"Global","Female",2039,"35 to 39",291458617
"Global","Female",2039,"40 to 44",281698951
"Global","Female",2039,"45 to 49",284693083
"Global","Female",2039,"50 to 54",277961106
"Global","Female",2039,"55 to 59",249667968
"Global","Female",2039,"60 to 64",219440117
"Global","Female",2039,"65 to 69",208340711
"Global","Female",2039,"70 to 74",179457679
"Global","Female",2039,"75 to 79",137736410
"Global","Female",2039,"80 to 84",98395033
"Global","Female",2039,"85 to 89",59008066
"Global","Female",2039,"90 to 94",24501515
"Global","Female",2039,"95 plus",7992495
"Global","Female",2040,"0 to 4",330052528
"Global","Female",2040,"5 to 9",323614139
"Global","Female",2040,"10 to 14",317708316
"Global","Female",2040,"15 to 19",312434688
"Global","Female",2040,"20 to 24",323160119
"Global","Female",2040,"25 to 29",324581046
"Global","Female",2040,"30 to 34",310276896
"Global","Female",2040,"35 to 39",293408601
"Global","Female",2040,"40 to 44",282403470
"Global","Female",2040,"45 to 49",281916664
"Global","Female",2040,"50 to 54",282030606
"Global","Female",2040,"55 to 59",254130370
"Global","Female",2040,"60 to 64",222208543
"Global","Female",2040,"65 to 69",208527065
"Global","Female",2040,"70 to 74",182606626
"Global","Female",2040,"75 to 79",143916527
"Global","Female",2040,"80 to 84",99166421
"Global","Female",2040,"85 to 89",61502289
"Global","Female",2040,"90 to 94",26287534
"Global","Female",2040,"95 plus",8269535
"Global","Female",2041,"0 to 4",330675821
"Global","Female",2041,"5 to 9",324548263
"Global","Female",2041,"10 to 14",318671501
"Global","Female",2041,"15 to 19",312963725
"Global","Female",2041,"20 to 24",319757035
"Global","Female",2041,"25 to 29",325816759
"Global","Female",2041,"30 to 34",313538539
"Global","Female",2041,"35 to 39",295418578
"Global","Female",2041,"40 to 44",283684943
"Global","Female",2041,"45 to 49",279758078
"Global","Female",2041,"50 to 54",284162699
"Global","Female",2041,"55 to 59",258654139
"Global","Female",2041,"60 to 64",226330253
"Global","Female",2041,"65 to 69",208085760
"Global","Female",2041,"70 to 74",186055220
"Global","Female",2041,"75 to 79",149796061
"Global","Female",2041,"80 to 84",99921403
"Global","Female",2041,"85 to 89",63688224
"Global","Female",2041,"90 to 94",28034385
"Global","Female",2041,"95 plus",8678368
"Global","Male",2022,"0 to 4",340674009
"Global","Male",2022,"5 to 9",352785559
"Global","Male",2022,"10 to 14",344164833
"Global","Male",2022,"15 to 19",324666736
"Global","Male",2022,"20 to 24",311356537
"Global","Male",2022,"25 to 29",304344649
"Global","Male",2022,"30 to 34",309406267
"Global","Male",2022,"35 to 39",288850992
"Global","Male",2022,"40 to 44",259072073
"Global","Male",2022,"45 to 49",238983448
"Global","Male",2022,"50 to 54",228341491
"Global","Male",2022,"55 to 59",202006051
"Global","Male",2022,"60 to 64",157178084
"Global","Male",2022,"65 to 69",132742503
"Global","Male",2022,"70 to 74",95840148
"Global","Male",2022,"75 to 79",58704728
"Global","Male",2022,"80 to 84",35444781
"Global","Male",2022,"85 to 89",17007582
"Global","Male",2022,"90 to 94",5762185
"Global","Male",2022,"95 plus",1246941
"Global","Male",2023,"0 to 4",337082468
"Global","Male",2023,"5 to 9",351715561
"Global","Male",2023,"10 to 14",346898098
"Global","Male",2023,"15 to 19",328189555
"Global","Male",2023,"20 to 24",313191215
"Global","Male",2023,"25 to 29",304421477
"Global","Male",2023,"30 to 34",308206126
"Global","Male",2023,"35 to 39",293650660
"Global","Male",2023,"40 to 44",264954567
"Global","Male",2023,"45 to 49",238892693
"Global","Male",2023,"50 to 54",230886182
"Global","Male",2023,"55 to 59",204396487
"Global","Male",2023,"60 to 64",162559789
"Global","Male",2023,"65 to 69",135678685
"Global","Male",2023,"70 to 74",99662458
"Global","Male",2023,"75 to 79",61653088
"Global","Male",2023,"80 to 84",36107651
"Global","Male",2023,"85 to 89",17564615
"Global","Male",2023,"90 to 94",5956267
"Global","Male",2023,"95 plus",1320053
"Global","Male",2024,"0 to 4",334801671
"Global","Male",2024,"5 to 9",349534148
"Global","Male",2024,"10 to 14",348796469
"Global","Male",2024,"15 to 19",332007571
"Global","Male",2024,"20 to 24",315291945
"Global","Male",2024,"25 to 29",304860340
"Global","Male",2024,"30 to 34",306528586
"Global","Male",2024,"35 to 39",298612034
"Global","Male",2024,"40 to 44",269993781
"Global","Male",2024,"45 to 49",240114725
"Global","Male",2024,"50 to 54",232210845
"Global","Male",2024,"55 to 59",207127190
"Global","Male",2024,"60 to 64",169948906
"Global","Male",2024,"65 to 69",137638922
"Global","Male",2024,"70 to 74",103634496
"Global","Male",2024,"75 to 79",65167882
"Global","Male",2024,"80 to 84",37059020
"Global","Male",2024,"85 to 89",18233518
"Global","Male",2024,"90 to 94",6194605
"Global","Male",2024,"95 plus",1408162
"Global","Male",2025,"0 to 4",333749715
"Global","Male",2025,"5 to 9",346324510
"Global","Male",2025,"10 to 14",350122323
"Global","Male",2025,"15 to 19",335694666
"Global","Male",2025,"20 to 24",317273101
"Global","Male",2025,"25 to 29",305909263
"Global","Male",2025,"30 to 34",304057203
"Global","Male",2025,"35 to 39",303291424
"Global","Male",2025,"40 to 44",274699514
"Global","Male",2025,"45 to 49",243217321
"Global","Male",2025,"50 to 54",232490349
"Global","Male",2025,"55 to 59",210705503
"Global","Male",2025,"60 to 64",177218825
"Global","Male",2025,"65 to 69",138695024
"Global","Male",2025,"70 to 74",107591317
"Global","Male",2025,"75 to 79",69148563
"Global","Male",2025,"80 to 84",38010217
"Global","Male",2025,"85 to 89",18954356
"Global","Male",2025,"90 to 94",6444418
"Global","Male",2025,"95 plus",1501305
"Global","Male",2026,"0 to 4",333844857
"Global","Male",2026,"5 to 9",342084097
"Global","Male",2026,"10 to 14",351067134
"Global","Male",2026,"15 to 19",339120676
"Global","Male",2026,"20 to 24",319326484
"Global","Male",2026,"25 to 29",307475520
"Global","Male",2026,"30 to 34",302257046
"Global","Male",2026,"35 to 39",305949517
"Global","Male",2026,"40 to 44",279487323
"Global","Male",2026,"45 to 49",247752149
"Global","Male",2026,"50 to 54",232098473
"Global","Male",2026,"55 to 59",214627123
"Global","Male",2026,"60 to 64",184240272
"Global","Male",2026,"65 to 69",139683768
"Global","Male",2026,"70 to 74",111104325
"Global","Male",2026,"75 to 79",73055629
"Global","Male",2026,"80 to 84",39399961
"Global","Male",2026,"85 to 89",19674135
"Global","Male",2026,"90 to 94",6749927
"Global","Male",2026,"95 plus",1589455
"Global","Male",2027,"0 to 4",334366510
"Global","Male",2027,"5 to 9",337482394
"Global","Male",2027,"10 to 14",351311117
"Global","Male",2027,"15 to 19",342450196
"Global","Male",2027,"20 to 24",322150040
"Global","Male",2027,"25 to 29",309158608
"Global","Male",2027,"30 to 34",301847883
"Global","Male",2027,"35 to 39",305826168
"Global","Male",2027,"40 to 44",284286112
"Global","Male",2027,"45 to 49",253535995
"Global","Male",2027,"50 to 54",231844106
"Global","Male",2027,"55 to 59",218484690
"Global","Male",2027,"60 to 64",189137775
"Global","Male",2027,"65 to 69",142059193
"Global","Male",2027,"70 to 74",114381577
"Global","Male",2027,"75 to 79",76680353
"Global","Male",2027,"80 to 84",41556688
"Global","Male",2027,"85 to 89",20323195
"Global","Male",2027,"90 to 94",7091185
"Global","Male",2027,"95 plus",1670424
"Global","Male",2028,"0 to 4",334946787
"Global","Male",2028,"5 to 9",333900786
"Global","Male",2028,"10 to 14",350249497
"Global","Male",2028,"15 to 19",345188053
"Global","Male",2028,"20 to 24",325680053
"Global","Male",2028,"25 to 29",311007883
"Global","Male",2028,"30 to 34",301965513
"Global","Male",2028,"35 to 39",304694053
"Global","Male",2028,"40 to 44",289131359
"Global","Male",2028,"45 to 49",259439437
"Global","Male",2028,"50 to 54",231902593
"Global","Male",2028,"55 to 59",221164679
"Global","Male",2028,"60 to 64",191739248
"Global","Male",2028,"65 to 69",147485522
"Global","Male",2028,"70 to 74",117393776
"Global","Male",2028,"75 to 79",80152591
"Global","Male",2028,"80 to 84",44061403
"Global","Male",2028,"85 to 89",20976839
"Global","Male",2028,"90 to 94",7434996
"Global","Male",2028,"95 plus",1754807
"Global","Male",2029,"0 to 4",335549314
"Global","Male",2029,"5 to 9",331626428
"Global","Male",2029,"10 to 14",348077357
"Global","Male",2029,"15 to 19",347091451
"Global","Male",2029,"20 to 24",329489325
"Global","Male",2029,"25 to 29",313099594
"Global","Male",2029,"30 to 34",302413832
"Global","Male",2029,"35 to 39",303047432
"Global","Male",2029,"40 to 44",294082182
"Global","Male",2029,"45 to 49",264436216
"Global","Male",2029,"50 to 54",233146908
"Global","Male",2029,"55 to 59",222525508
"Global","Male",2029,"60 to 64",194488828
"Global","Male",2029,"65 to 69",154513226
"Global","Male",2029,"70 to 74",119268588
"Global","Male",2029,"75 to 79",83525018
"Global","Male",2029,"80 to 84",46788400
"Global","Male",2029,"85 to 89",21670076
"Global","Male",2029,"90 to 94",7772793
"Global","Male",2029,"95 plus",1843146
"Global","Male",2030,"0 to 4",336203339
"Global","Male",2030,"5 to 9",330589884
"Global","Male",2030,"10 to 14",344879887
"Global","Male",2030,"15 to 19",348425481
"Global","Male",2030,"20 to 24",333169606
"Global","Male",2030,"25 to 29",315073939
"Global","Male",2030,"30 to 34",303466711
"Global","Male",2030,"35 to 39",300607601
"Global","Male",2030,"40 to 44",298751711
"Global","Male",2030,"45 to 49",269105104
"Global","Male",2030,"50 to 54",236224199
"Global","Male",2030,"55 to 59",222855032
"Global","Male",2030,"60 to 64",198014911
"Global","Male",2030,"65 to 69",161384296
"Global","Male",2030,"70 to 74",120324534
"Global","Male",2030,"75 to 79",86904704
"Global","Male",2030,"80 to 84",49811348
"Global","Male",2030,"85 to 89",22336364
"Global","Male",2030,"90 to 94",8136629
"Global","Male",2030,"95 plus",1935622
"Global","Male",2031,"0 to 4",336896106
"Global","Male",2031,"5 to 9",330710982
"Global","Male",2031,"10 to 14",340655184
"Global","Male",2031,"15 to 19",349380949
"Global","Male",2031,"20 to 24",336591423
"Global","Male",2031,"25 to 29",317123811
"Global","Male",2031,"30 to 34",305034307
"Global","Male",2031,"35 to 39",298835606
"Global","Male",2031,"40 to 44",301416198
"Global","Male",2031,"45 to 49",273860508
"Global","Male",2031,"50 to 54",240703815
"Global","Male",2031,"55 to 59",222528268
"Global","Male",2031,"60 to 64",201857122
"Global","Male",2031,"65 to 69",168004401
"Global","Male",2031,"70 to 74",121324060
"Global","Male",2031,"75 to 79",89926458
"Global","Male",2031,"80 to 84",52779444
"Global","Male",2031,"85 to 89",23302580
"Global","Male",2031,"90 to 94",8506711
"Global","Male",2031,"95 plus",2046367
"Global","Male",2032,"0 to 4",337638707
"Global","Male",2032,"5 to 9",331257266
"Global","Male",2032,"10 to 14",336070330
"Global","Male",2032,"15 to 19",349637852
"Global","Male",2032,"20 to 24",339918268
"Global","Male",2032,"25 to 29",319941150
"Global","Male",2032,"30 to 34",306715262
"Global","Male",2032,"35 to 39",298447040
"Global","Male",2032,"40 to 44",301318829
"Global","Male",2032,"45 to 49",278631063
"Global","Male",2032,"50 to 54",246408481
"Global","Male",2032,"55 to 59",222329628
"Global","Male",2032,"60 to 64",205621177
"Global","Male",2032,"65 to 69",172658440
"Global","Male",2032,"70 to 74",123617325
"Global","Male",2032,"75 to 79",92776772
"Global","Male",2032,"80 to 84",55547369
"Global","Male",2032,"85 to 89",24781719
"Global","Male",2032,"90 to 94",8847227
"Global","Male",2032,"95 plus",2165953
"Global","Male",2033,"0 to 4",338421171
"Global","Male",2033,"5 to 9",331861876
"Global","Male",2033,"10 to 14",332504493
"Global","Male",2033,"15 to 19",348591316
"Global","Male",2033,"20 to 24",342657498
"Global","Male",2033,"25 to 29",323462388
"Global","Male",2033,"30 to 34",308560123
"Global","Male",2033,"35 to 39",298580916
"Global","Male",2033,"40 to 44",300220718
"Global","Male",2033,"45 to 49",283452616
"Global","Male",2033,"50 to 54",252225271
"Global","Male",2033,"55 to 59",222431856
"Global","Male",2033,"60 to 64",208260372
"Global","Male",2033,"65 to 69",175233385
"Global","Male",2033,"70 to 74",128702507
"Global","Male",2033,"75 to 79",95425769
"Global","Male",2033,"80 to 84",58189664
"Global","Male",2033,"85 to 89",26469942
"Global","Male",2033,"90 to 94",9200125
"Global","Male",2033,"95 plus",2286448
"Global","Male",2034,"0 to 4",339215318
"Global","Male",2034,"5 to 9",332488215
"Global","Male",2034,"10 to 14",330243869
"Global","Male",2034,"15 to 19",346434932
"Global","Male",2034,"20 to 24",344567118
"Global","Male",2034,"25 to 29",327262872
"Global","Male",2034,"30 to 34",310646942
"Global","Male",2034,"35 to 39",299041767
"Global","Male",2034,"40 to 44",298612757
"Global","Male",2034,"45 to 49",288381885
"Global","Male",2034,"50 to 54",257152803
"Global","Male",2034,"55 to 59",223686951
"Global","Male",2034,"60 to 64",209643489
"Global","Male",2034,"65 to 69",177963177
"Global","Male",2034,"70 to 74",135196851
"Global","Male",2034,"75 to 79",97114558
"Global","Male",2034,"80 to 84",60776179
"Global","Male",2034,"85 to 89",28267691
"Global","Male",2034,"90 to 94",9570798
"Global","Male",2034,"95 plus",2407708
"Global","Male",2035,"0 to 4",340020320
"Global","Male",2035,"5 to 9",333165058
"Global","Male",2035,"10 to 14",329219405
"Global","Male",2035,"15 to 19",343254022
"Global","Male",2035,"20 to 24",345911225
"Global","Male",2035,"25 to 29",330935889
"Global","Male",2035,"30 to 34",312617911
"Global","Male",2035,"35 to 39",300102800
"Global","Male",2035,"40 to 44",296217072
"Global","Male",2035,"45 to 49",293037045
"Global","Male",2035,"50 to 54",261769103
"Global","Male",2035,"55 to 59",226723780
"Global","Male",2035,"60 to 64",210034543
"Global","Male",2035,"65 to 69",181401468
"Global","Male",2035,"70 to 74",141508634
"Global","Male",2035,"75 to 79",98130731
"Global","Male",2035,"80 to 84",63415970
"Global","Male",2035,"85 to 89",30212204
"Global","Male",2035,"90 to 94",9919843
"Global","Male",2035,"95 plus",2540481
"Global","Male",2036,"0 to 4",340824649
"Global","Male",2036,"5 to 9",333880319
"Global","Male",2036,"10 to 14",329350373
"Global","Male",2036,"15 to 19",339046187
"Global","Male",2036,"20 to 24",346879639
"Global","Male",2036,"25 to 29",334353063
"Global","Male",2036,"30 to 34",314665475
"Global","Male",2036,"35 to 39",301673476
"Global","Male",2036,"40 to 44",294483787
"Global","Male",2036,"45 to 49",295709899
"Global","Male",2036,"50 to 54",266479178
"Global","Male",2036,"55 to 59",231124676
"Global","Male",2036,"60 to 64",209794598
"Global","Male",2036,"65 to 69",185127145
"Global","Male",2036,"70 to 74",147560138
"Global","Male",2036,"75 to 79",99109471
"Global","Male",2036,"80 to 84",65799205
"Global","Male",2036,"85 to 89",32123923
"Global","Male",2036,"90 to 94",10436381
"Global","Male",2036,"95 plus",2680023
"Global","Male",2037,"0 to 4",341608001
"Global","Male",2037,"5 to 9",334646041
"Global","Male",2037,"10 to 14",329905341
"Global","Male",2037,"15 to 19",334477723
"Global","Male",2037,"20 to 24",347152386
"Global","Male",2037,"25 to 29",337678475
"Global","Male",2037,"30 to 34",317478361
"Global","Male",2037,"35 to 39",303353242
"Global","Male",2037,"40 to 44",294123198
"Global","Male",2037,"45 to 49",295649516
"Global","Male",2037,"50 to 54",271211533
"Global","Male",2037,"55 to 59",236719147
"Global","Male",2037,"60 to 64",209672106
"Global","Male",2037,"65 to 69",188763273
"Global","Male",2037,"70 to 74",151849456
"Global","Male",2037,"75 to 79",101248701
"Global","Male",2037,"80 to 84",68082266
"Global","Male",2037,"85 to 89",33926842
"Global","Male",2037,"90 to 94",11225270
"Global","Male",2037,"95 plus",2811835
"Global","Male",2038,"0 to 4",342386976
"Global","Male",2038,"5 to 9",335452852
"Global","Male",2038,"10 to 14",330518459
"Global","Male",2038,"15 to 19",330926602
"Global","Male",2038,"20 to 24",346124101
"Global","Male",2038,"25 to 29",340421394
"Global","Male",2038,"30 to 34",320992635
"Global","Male",2038,"35 to 39",305194293
"Global","Male",2038,"40 to 44",294278932
"Global","Male",2038,"45 to 49",294599439
"Global","Male",2038,"50 to 54",275999195
"Global","Male",2038,"55 to 59",242417215
"Global","Male",2038,"60 to 64",209836406
"Global","Male",2038,"65 to 69",191346792
"Global","Male",2038,"70 to 74",154345851
"Global","Male",2038,"75 to 79",105830959
"Global","Male",2038,"80 to 84",70234461
"Global","Male",2038,"85 to 89",35641944
"Global","Male",2038,"90 to 94",12106457
"Global","Male",2038,"95 plus",2950391
"Global","Male",2039,"0 to 4",343123389
"Global","Male",2039,"5 to 9",336272014
"Global","Male",2039,"10 to 14",331153194
"Global","Male",2039,"15 to 19",328679134
"Global","Male",2039,"20 to 24",343987273
"Global","Male",2039,"25 to 29",342339830
"Global","Male",2039,"30 to 34",324785857
"Global","Male",2039,"35 to 39",307276659
"Global","Male",2039,"40 to 44",294756709
"Global","Male",2039,"45 to 49",293045122
"Global","Male",2039,"50 to 54",280895173
"Global","Male",2039,"55 to 59",247250297
"Global","Male",2039,"60 to 64",211110091
"Global","Male",2039,"65 to 69",192758804
"Global","Male",2039,"70 to 74",157009797
"Global","Male",2039,"75 to 79",111576967
"Global","Male",2039,"80 to 84",71640198
"Global","Male",2039,"85 to 89",37339810
"Global","Male",2039,"90 to 94",13015092
"Global","Male",2039,"95 plus",3093689
"Global","Male",2040,"0 to 4",343767634
"Global","Male",2040,"5 to 9",337102820
"Global","Male",2040,"10 to 14",331838505
"Global","Male",2040,"15 to 19",327666450
"Global","Male",2040,"20 to 24",340827527
"Global","Male",2040,"25 to 29",343696045
"Global","Male",2040,"30 to 34",328453481
"Global","Male",2040,"35 to 39",309245547
"Global","Male",2040,"40 to 44",295829346
"Global","Male",2040,"45 to 49",290710186
"Global","Male",2040,"50 to 54",285526745
"Global","Male",2040,"55 to 59",251793389
"Global","Male",2040,"60 to 64",214095279
"Global","Male",2040,"65 to 69",193232516
"Global","Male",2040,"70 to 74",160297136
"Global","Male",2040,"75 to 79",117111541
"Global","Male",2040,"80 to 84",72551498
"Global","Male",2040,"85 to 89",39113707
"Global","Male",2040,"90 to 94",13960285
"Global","Male",2040,"95 plus",3228873
"Global","Male",2041,"0 to 4",344344047
"Global","Male",2041,"5 to 9",337934532
"Global","Male",2041,"10 to 14",332562736
"Global","Male",2041,"15 to 19",327807742
"Global","Male",2041,"20 to 24",336642371
"Global","Male",2041,"25 to 29",344679341
"Global","Male",2041,"30 to 34",331867393
"Global","Male",2041,"35 to 39",311292996
"Global","Male",2041,"40 to 44",297405421
"Global","Male",2041,"45 to 49",289029578
"Global","Male",2041,"50 to 54",288207347
"Global","Male",2041,"55 to 59",256438257
"Global","Male",2041,"60 to 64",218390620
"Global","Male",2041,"65 to 69",193108601
"Global","Male",2041,"70 to 74",163835329
"Global","Male",2041,"75 to 79",122375881
"Global","Male",2041,"80 to 84",73450968
"Global","Male",2041,"85 to 89",40733993
"Global","Male",2041,"90 to 94",14897842
"Global","Male",2041,"95 plus",3428552
"Japan","Female",2022,"0 to 4",2043064
"Japan","Female",2022,"5 to 9",2404139
"Japan","Female",2022,"10 to 14",2590494
"Japan","Female",2022,"15 to 19",2703261
"Japan","Female",2022,"20 to 24",2933713
"Japan","Female",2022,"25 to 29",2980646
"Japan","Female",2022,"30 to 34",3083730
"Japan","Female",2022,"35 to 39",3404646
"Japan","Female",2022,"40 to 44",3832461
"Japan","Female",2022,"45 to 49",4651109
"Japan","Female",2022,"50 to 54",4542032
"Japan","Female",2022,"55 to 59",3935706
"Japan","Female",2022,"60 to 64",3694684
"Japan","Female",2022,"65 to 69",3819479
"Japan","Female",2022,"70 to 74",4974586
"Japan","Female",2022,"75 to 79",3915258
"Japan","Female",2022,"80 to 84",3407225
"Japan","Female",2022,"85 to 89",2596472
"Japan","Female",2022,"90 to 94",1493945
"Japan","Female",2022,"95 plus",705182
"Japan","Female",2023,"0 to 4",2014247
"Japan","Female",2023,"5 to 9",2333896
"Japan","Female",2023,"10 to 14",2558848
"Japan","Female",2023,"15 to 19",2681780
"Japan","Female",2023,"20 to 24",2906363
"Japan","Female",2023,"25 to 29",2994763
"Japan","Female",2023,"30 to 34",3033986
"Japan","Female",2023,"35 to 39",3347631
"Japan","Female",2023,"40 to 44",3714856
"Japan","Female",2023,"45 to 49",4492935
"Japan","Female",2023,"50 to 54",4621492
"Japan","Female",2023,"55 to 59",4051348
"Japan","Female",2023,"60 to 64",3729617
"Japan","Female",2023,"65 to 69",3716034
"Japan","Female",2023,"70 to 74",4671066
"Japan","Female",2023,"75 to 79",4136655
"Japan","Female",2023,"80 to 84",3520936
"Japan","Female",2023,"85 to 89",2607840
"Japan","Female",2023,"90 to 94",1528257
"Japan","Female",2023,"95 plus",718238
"Japan","Female",2024,"0 to 4",2001492
"Japan","Female",2024,"5 to 9",2255028
"Japan","Female",2024,"10 to 14",2524927
"Japan","Female",2024,"15 to 19",2666548
"Japan","Female",2024,"20 to 24",2871157
"Japan","Female",2024,"25 to 29",2996590
"Japan","Female",2024,"30 to 34",3008716
"Japan","Female",2024,"35 to 39",3281980
"Japan","Female",2024,"40 to 44",3619905
"Japan","Female",2024,"45 to 49",4305024
"Japan","Female",2024,"50 to 54",4714332
"Japan","Female",2024,"55 to 59",4127470
"Japan","Female",2024,"60 to 64",3777116
"Japan","Female",2024,"65 to 69",3668360
"Japan","Female",2024,"70 to 74",4320053
"Japan","Female",2024,"75 to 79",4393998
"Japan","Female",2024,"80 to 84",3622606
"Japan","Female",2024,"85 to 89",2596496
"Japan","Female",2024,"90 to 94",1565866
"Japan","Female",2024,"95 plus",730439
"Japan","Female",2025,"0 to 4",1996245
"Japan","Female",2025,"5 to 9",2175184
"Japan","Female",2025,"10 to 14",2491571
"Japan","Female",2025,"15 to 19",2654515
"Japan","Female",2025,"20 to 24",2824436
"Japan","Female",2025,"25 to 29",2996077
"Japan","Female",2025,"30 to 34",3005556
"Japan","Female",2025,"35 to 39",3210189
"Japan","Female",2025,"40 to 44",3541959
"Japan","Female",2025,"45 to 49",4128422
"Japan","Female",2025,"50 to 54",4755671
"Japan","Female",2025,"55 to 59",4190480
"Japan","Female",2025,"60 to 64",3854430
"Japan","Female",2025,"65 to 69",3630677
"Japan","Female",2025,"70 to 74",4042827
"Japan","Female",2025,"75 to 79",4642762
"Japan","Female",2025,"80 to 84",3606104
"Japan","Female",2025,"85 to 89",2612986
"Japan","Female",2025,"90 to 94",1608545
"Japan","Female",2025,"95 plus",743617
"Japan","Female",2026,"0 to 4",1991616
"Japan","Female",2026,"5 to 9",2102711
"Japan","Female",2026,"10 to 14",2458548
"Japan","Female",2026,"15 to 19",2636662
"Japan","Female",2026,"20 to 24",2776923
"Japan","Female",2026,"25 to 29",2995997
"Japan","Female",2026,"30 to 34",3007168
"Japan","Female",2026,"35 to 39",3153028
"Japan","Female",2026,"40 to 44",3473399
"Japan","Female",2026,"45 to 49",3969367
"Japan","Female",2026,"50 to 54",4725867
"Japan","Female",2026,"55 to 59",4351164
"Japan","Female",2026,"60 to 64",3857873
"Japan","Female",2026,"65 to 69",3608329
"Japan","Female",2026,"70 to 74",3859155
"Japan","Female",2026,"75 to 79",4802938
"Japan","Female",2026,"80 to 84",3502158
"Japan","Female",2026,"85 to 89",2686027
"Japan","Female",2026,"90 to 94",1654051
"Japan","Female",2026,"95 plus",760699
"Japan","Female",2027,"0 to 4",1991177
"Japan","Female",2027,"5 to 9",2051443
"Japan","Female",2027,"10 to 14",2409033
"Japan","Female",2027,"15 to 19",2607461
"Japan","Female",2027,"20 to 24",2744382
"Japan","Female",2027,"25 to 29",2980260
"Japan","Female",2027,"30 to 34",3016332
"Japan","Female",2027,"35 to 39",3105448
"Japan","Female",2027,"40 to 44",3413528
"Japan","Female",2027,"45 to 49",3828240
"Japan","Female",2027,"50 to 54",4628878
"Japan","Female",2027,"55 to 59",4505301
"Japan","Female",2027,"60 to 64",3887869
"Japan","Female",2027,"65 to 69",3626423
"Japan","Female",2027,"70 to 74",3706409
"Japan","Female",2027,"75 to 79",4726047
"Japan","Female",2027,"80 to 84",3550251
"Japan","Female",2027,"85 to 89",2784281
"Japan","Female",2027,"90 to 94",1688891
"Japan","Female",2027,"95 plus",781893
"Japan","Female",2028,"0 to 4",1992078
"Japan","Female",2028,"5 to 9",2022662
"Japan","Female",2028,"10 to 14",2338822
"Japan","Female",2028,"15 to 19",2575849
"Japan","Female",2028,"20 to 24",2722959
"Japan","Female",2028,"25 to 29",2952990
"Japan","Female",2028,"30 to 34",3030501
"Japan","Female",2028,"35 to 39",3055889
"Japan","Female",2028,"40 to 44",3356811
"Japan","Female",2028,"45 to 49",3711385
"Japan","Female",2028,"50 to 54",4472149
"Japan","Female",2028,"55 to 59",4584831
"Japan","Female",2028,"60 to 64",4003075
"Japan","Female",2028,"65 to 69",3661997
"Japan","Female",2028,"70 to 74",3608320
"Japan","Female",2028,"75 to 79",4441273
"Japan","Female",2028,"80 to 84",3765707
"Japan","Female",2028,"85 to 89",2886221
"Japan","Female",2028,"90 to 94",1702024
"Japan","Female",2028,"95 plus",805154
"Japan","Female",2029,"0 to 4",1992583
"Japan","Female",2029,"5 to 9",2009935
"Japan","Female",2029,"10 to 14",2259986
"Japan","Female",2029,"15 to 19",2541964
"Japan","Female",2029,"20 to 24",2707777
"Japan","Female",2029,"25 to 29",2917870
"Japan","Female",2029,"30 to 34",3032394
"Japan","Female",2029,"35 to 39",3030762
"Japan","Female",2029,"40 to 44",3291475
"Japan","Female",2029,"45 to 49",3617084
"Japan","Female",2029,"50 to 54",4285877
"Japan","Female",2029,"55 to 59",4677563
"Japan","Female",2029,"60 to 64",4079248
"Japan","Female",2029,"65 to 69",3710019
"Japan","Female",2029,"70 to 74",3564256
"Japan","Female",2029,"75 to 79",4112149
"Japan","Female",2029,"80 to 84",4011524
"Japan","Female",2029,"85 to 89",2973102
"Japan","Female",2029,"90 to 94",1699612
"Japan","Female",2029,"95 plus",829315
"Japan","Female",2030,"0 to 4",1993516
"Japan","Female",2030,"5 to 9",2004714
"Japan","Female",2030,"10 to 14",2180173
"Japan","Female",2030,"15 to 19",2508642
"Japan","Female",2030,"20 to 24",2695789
"Japan","Female",2030,"25 to 29",2871244
"Japan","Female",2030,"30 to 34",3031951
"Japan","Female",2030,"35 to 39",3027702
"Japan","Female",2030,"40 to 44",3220003
"Japan","Female",2030,"45 to 49",3539700
"Japan","Female",2030,"50 to 54",4110803
"Japan","Female",2030,"55 to 59",4719171
"Japan","Female",2030,"60 to 64",4142509
"Japan","Female",2030,"65 to 69",3787297
"Japan","Female",2030,"70 to 74",3529782
"Japan","Female",2030,"75 to 79",3852998
"Japan","Female",2030,"80 to 84",4242065
"Japan","Female",2030,"85 to 89",2959776
"Japan","Female",2030,"90 to 94",1720230
"Japan","Female",2030,"95 plus",856250
"Japan","Female",2031,"0 to 4",1994453
"Japan","Female",2031,"5 to 9",2000110
"Japan","Female",2031,"10 to 14",2107729
"Japan","Female",2031,"15 to 19",2475652
"Japan","Female",2031,"20 to 24",2677983
"Japan","Female",2031,"25 to 29",2823827
"Japan","Female",2031,"30 to 34",3031936
"Japan","Female",2031,"35 to 39",3029405
"Japan","Female",2031,"40 to 44",3163115
"Japan","Female",2031,"45 to 49",3471631
"Japan","Female",2031,"50 to 54",3953115
"Japan","Female",2031,"55 to 59",4690203
"Japan","Female",2031,"60 to 64",4302075
"Japan","Female",2031,"65 to 69",3791701
"Japan","Female",2031,"70 to 74",3510128
"Japan","Female",2031,"75 to 79",3682078
"Japan","Female",2031,"80 to 84",4385514
"Japan","Female",2031,"85 to 89",2879008
"Japan","Female",2031,"90 to 94",1784473
"Japan","Female",2031,"95 plus",886160
"Japan","Female",2032,"0 to 4",1993733
"Japan","Female",2032,"5 to 9",1999693
"Japan","Female",2032,"10 to 14",2056485
"Japan","Female",2032,"15 to 19",2426171
"Japan","Female",2032,"20 to 24",2648836
"Japan","Female",2032,"25 to 29",2791365
"Japan","Female",2032,"30 to 34",3016282
"Japan","Female",2032,"35 to 39",3038646
"Japan","Female",2032,"40 to 44",3115782
"Japan","Female",2032,"45 to 49",3412202
"Japan","Female",2032,"50 to 54",3813217
"Japan","Female",2032,"55 to 59",4594624
"Japan","Female",2032,"60 to 64",4455208
"Japan","Female",2032,"65 to 69",3822331
"Japan","Female",2032,"70 to 74",3529632
"Japan","Female",2032,"75 to 79",3540024
"Japan","Female",2032,"80 to 84",4315490
"Japan","Female",2032,"85 to 89",2935883
"Japan","Female",2032,"90 to 94",1864975
"Japan","Female",2032,"95 plus",911991
"Japan","Female",2033,"0 to 4",1992271
"Japan","Female",2033,"5 to 9",2000614
"Japan","Female",2033,"10 to 14",2027722
"Japan","Female",2033,"15 to 19",2356001
"Japan","Female",2033,"20 to 24",2617282
"Japan","Female",2033,"25 to 29",2770010
"Japan","Female",2033,"30 to 34",2989104
"Japan","Female",2033,"35 to 39",3052881
"Japan","Female",2033,"40 to 44",3066476
"Japan","Female",2033,"45 to 49",3355914
"Japan","Female",2033,"50 to 54",3697437
"Japan","Female",2033,"55 to 59",4439827
"Japan","Female",2033,"60 to 64",4534858
"Japan","Female",2033,"65 to 69",3937023
"Japan","Female",2033,"70 to 74",3566186
"Japan","Female",2033,"75 to 79",3449870
"Japan","Female",2033,"80 to 84",4060546
"Japan","Female",2033,"85 to 89",3137481
"Japan","Female",2033,"90 to 94",1942108
"Japan","Female",2033,"95 plus",927114
"Japan","Female",2034,"0 to 4",1990659
"Japan","Female",2034,"5 to 9",2001140
"Japan","Female",2034,"10 to 14",2015008
"Japan","Female",2034,"15 to 19",2277213
"Japan","Female",2034,"20 to 24",2583452
"Japan","Female",2034,"25 to 29",2754889
"Japan","Female",2034,"30 to 34",2954083
"Japan","Female",2034,"35 to 39",3054857
"Japan","Female",2034,"40 to 44",3041546
"Japan","Female",2034,"45 to 49",3291029
"Japan","Female",2034,"50 to 54",3604064
"Japan","Female",2034,"55 to 59",4255727
"Japan","Female",2034,"60 to 64",4627479
"Japan","Female",2034,"65 to 69",4013331
"Japan","Female",2034,"70 to 74",3615023
"Japan","Female",2034,"75 to 79",3411172
"Japan","Female",2034,"80 to 84",3766955
"Japan","Female",2034,"85 to 89",3359785
"Japan","Female",2034,"90 to 94",2002610
"Japan","Female",2034,"95 plus",935051
"Japan","Female",2035,"0 to 4",1987985
"Japan","Female",2035,"5 to 9",2002094
"Japan","Female",2035,"10 to 14",2009800
"Japan","Female",2035,"15 to 19",2197445
"Japan","Female",2035,"20 to 24",2550184
"Japan","Female",2035,"25 to 29",2742956
"Japan","Female",2035,"30 to 34",2907565
"Japan","Female",2035,"35 to 39",3054501
"Japan","Female",2035,"40 to 44",3038625
"Japan","Female",2035,"45 to 49",3220017
"Japan","Female",2035,"50 to 54",3527483
"Japan","Female",2035,"55 to 59",4082682
"Japan","Female",2035,"60 to 64",4669464
"Japan","Female",2035,"65 to 69",4077019
"Japan","Female",2035,"70 to 74",3692351
"Japan","Female",2035,"75 to 79",3381521
"Japan","Female",2035,"80 to 84",3537349
"Japan","Female",2035,"85 to 89",3555949
"Japan","Female",2035,"90 to 94",1991580
"Japan","Female",2035,"95 plus",958291
"Japan","Female",2036,"0 to 4",1983285
"Japan","Female",2036,"5 to 9",2003052
"Japan","Female",2036,"10 to 14",2005206
"Japan","Female",2036,"15 to 19",2125045
"Japan","Female",2036,"20 to 24",2517245
"Japan","Female",2036,"25 to 29",2725209
"Japan","Female",2036,"30 to 34",2860255
"Japan","Female",2036,"35 to 39",3054570
"Japan","Female",2036,"40 to 44",3040448
"Japan","Female",2036,"45 to 49",3163521
"Japan","Female",2036,"50 to 54",3460120
"Japan","Female",2036,"55 to 59",3926803
"Japan","Female",2036,"60 to 64",4641587
"Japan","Female",2036,"65 to 69",4235125
"Japan","Female",2036,"70 to 74",3698142
"Japan","Female",2036,"75 to 79",3365904
"Japan","Female",2036,"80 to 84",3387077
"Japan","Female",2036,"85 to 89",3668124
"Japan","Female",2036,"90 to 94",1941086
"Japan","Female",2036,"95 plus",1006953
"Japan","Female",2037,"0 to 4",1976927
"Japan","Female",2037,"5 to 9",2002351
"Japan","Female",2037,"10 to 14",2004799
"Japan","Female",2037,"15 to 19",2073836
"Japan","Female",2037,"20 to 24",2467823
"Japan","Female",2037,"25 to 29",2696128
"Japan","Female",2037,"30 to 34",2827883
"Japan","Female",2037,"35 to 39",3039015
"Japan","Female",2037,"40 to 44",3049791
"Japan","Female",2037,"45 to 49",3116539
"Japan","Female",2037,"50 to 54",3401320
"Japan","Female",2037,"55 to 59",3788526
"Japan","Female",2037,"60 to 64",4547811
"Japan","Female",2037,"65 to 69",4386918
"Japan","Female",2037,"70 to 74",3729693
"Japan","Female",2037,"75 to 79",3387452
"Japan","Female",2037,"80 to 84",3262146
"Japan","Female",2037,"85 to 89",3606948
"Japan","Female",2037,"90 to 94",2001182
"Japan","Female",2037,"95 plus",1060582
"Japan","Female",2038,"0 to 4",1969324
"Japan","Female",2038,"5 to 9",2000908
"Japan","Female",2038,"10 to 14",2005728
"Japan","Female",2038,"15 to 19",2045098
"Japan","Female",2038,"20 to 24",2397722
"Japan","Female",2038,"25 to 29",2664640
"Japan","Female",2038,"30 to 34",2806606
"Japan","Female",2038,"35 to 39",3011954
"Japan","Female",2038,"40 to 44",3064113
"Japan","Female",2038,"45 to 49",3067595
"Japan","Female",2038,"50 to 54",3345648
"Japan","Female",2038,"55 to 59",3674164
"Japan","Female",2038,"60 to 64",4395500
"Japan","Female",2038,"65 to 69",4466783
"Japan","Female",2038,"70 to 74",3843760
"Japan","Female",2038,"75 to 79",3425465
"Japan","Female",2038,"80 to 84",3184666
"Japan","Female",2038,"85 to 89",3400255
"Japan","Female",2038,"90 to 94",2168298
"Japan","Female",2038,"95 plus",1104670
"Japan","Female",2039,"0 to 4",1960521
"Japan","Female",2039,"5 to 9",1999313
"Japan","Female",2039,"10 to 14",2006264
"Japan","Female",2039,"15 to 19",2032403
"Japan","Female",2039,"20 to 24",2319004
"Japan","Female",2039,"25 to 29",2630877
"Japan","Female",2039,"30 to 34",2791554
"Japan","Female",2039,"35 to 39",2977055
"Japan","Female",2039,"40 to 44",3066202
"Japan","Female",2039,"45 to 49",3042947
"Japan","Female",2039,"50 to 54",3281408
"Japan","Female",2039,"55 to 59",3582012
"Japan","Female",2039,"60 to 64",4214199
"Japan","Female",2039,"65 to 69",4559296
"Japan","Female",2039,"70 to 74",3920323
"Japan","Female",2039,"75 to 79",3475586
"Japan","Female",2039,"80 to 84",3154438
"Japan","Female",2039,"85 to 89",3165076
"Japan","Female",2039,"90 to 94",2341973
"Japan","Female",2039,"95 plus",1134455
"Japan","Female",2040,"0 to 4",1951187
"Japan","Female",2040,"5 to 9",1996659
"Japan","Female",2040,"10 to 14",2007226
"Japan","Female",2040,"15 to 19",2027209
"Japan","Female",2040,"20 to 24",2239309
"Japan","Female",2040,"25 to 29",2597673
"Japan","Female",2040,"30 to 34",2779684
"Japan","Female",2040,"35 to 39",2930673
"Japan","Female",2040,"40 to 44",3065963
"Japan","Female",2040,"45 to 49",3040224
"Japan","Female",2040,"50 to 54",3211050
"Japan","Female",2040,"55 to 59",3506488
"Japan","Female",2040,"60 to 64",4043762
"Japan","Female",2040,"65 to 69",4601785
"Japan","Female",2040,"70 to 74",3984657
"Japan","Female",2040,"75 to 79",3553057
"Japan","Female",2040,"80 to 84",3132345
"Japan","Female",2040,"85 to 89",2983827
"Japan","Female",2040,"90 to 94",2478669
"Japan","Female",2040,"95 plus",1132972
"Japan","Female",2041,"0 to 4",1941873
"Japan","Female",2041,"5 to 9",1991979
"Japan","Female",2041,"10 to 14",2008190
"Japan","Female",2041,"15 to 19",2022631
"Japan","Female",2041,"20 to 24",2166979
"Japan","Female",2041,"25 to 29",2564798
"Japan","Female",2041,"30 to 34",2762004
"Japan","Female",2041,"35 to 39",2883501
"Japan","Female",2041,"40 to 44",3066145
"Japan","Female",2041,"45 to 49",3042226
"Japan","Female",2041,"50 to 54",3155127
"Japan","Female",2041,"55 to 59",3440073
"Japan","Female",2041,"60 to 64",3890241
"Japan","Female",2041,"65 to 69",4575390
"Japan","Female",2041,"70 to 74",4140852
"Japan","Female",2041,"75 to 79",3560912
"Japan","Female",2041,"80 to 84",3123175
"Japan","Female",2041,"85 to 89",2867244
"Japan","Female",2041,"90 to 94",2543095
"Japan","Female",2041,"95 plus",1126396
"Japan","Male",2022,"0 to 4",2140220
"Japan","Male",2022,"5 to 9",2515670
"Japan","Male",2022,"10 to 14",2712981
"Japan","Male",2022,"15 to 19",2829056
"Japan","Male",2022,"20 to 24",3069901
"Japan","Male",2022,"25 to 29",3117796
"Japan","Male",2022,"30 to 34",3228268
"Japan","Male",2022,"35 to 39",3525588
"Japan","Male",2022,"40 to 44",3941669
"Japan","Male",2022,"45 to 49",4768302
"Japan","Male",2022,"50 to 54",4607976
"Japan","Male",2022,"55 to 59",3959890
"Japan","Male",2022,"60 to 64",3642689
"Japan","Male",2022,"65 to 69",3635711
"Japan","Male",2022,"70 to 74",4479198
"Japan","Male",2022,"75 to 79",3243155
"Japan","Male",2022,"80 to 84",2506575
"Japan","Male",2022,"85 to 89",1518122
"Japan","Male",2022,"90 to 94",622081
"Japan","Male",2022,"95 plus",175011
"Japan","Male",2023,"0 to 4",2112808
"Japan","Male",2023,"5 to 9",2441552
"Japan","Male",2023,"10 to 14",2679159
"Japan","Male",2023,"15 to 19",2804148
"Japan","Male",2023,"20 to 24",3042548
"Japan","Male",2023,"25 to 29",3125979
"Japan","Male",2023,"30 to 34",3180970
"Japan","Male",2023,"35 to 39",3474773
"Japan","Male",2023,"40 to 44",3819190
"Japan","Male",2023,"45 to 49",4608558
"Japan","Male",2023,"50 to 54",4695396
"Japan","Male",2023,"55 to 59",4074823
"Japan","Male",2023,"60 to 64",3681110
"Japan","Male",2023,"65 to 69",3545202
"Japan","Male",2023,"70 to 74",4206950
"Japan","Male",2023,"75 to 79",3458584
"Japan","Male",2023,"80 to 84",2589919
"Japan","Male",2023,"85 to 89",1547605
"Japan","Male",2023,"90 to 94",640441
"Japan","Male",2023,"95 plus",184010
"Japan","Male",2024,"0 to 4",2101794
"Japan","Male",2024,"5 to 9",2358033
"Japan","Male",2024,"10 to 14",2643726
"Japan","Male",2024,"15 to 19",2786629
"Japan","Male",2024,"20 to 24",3004747
"Japan","Male",2024,"25 to 29",3124525
"Japan","Male",2024,"30 to 34",3157144
"Japan","Male",2024,"35 to 39",3412829
"Japan","Male",2024,"40 to 44",3722410
"Japan","Male",2024,"45 to 49",4417784
"Japan","Male",2024,"50 to 54",4796043
"Japan","Male",2024,"55 to 59",4149062
"Japan","Male",2024,"60 to 64",3733527
"Japan","Male",2024,"65 to 69",3506202
"Japan","Male",2024,"70 to 74",3898385
"Japan","Male",2024,"75 to 79",3697609
"Japan","Male",2024,"80 to 84",2659198
"Japan","Male",2024,"85 to 89",1559083
"Japan","Male",2024,"90 to 94",663446
"Japan","Male",2024,"95 plus",191154
"Japan","Male",2025,"0 to 4",2097075
"Japan","Male",2025,"5 to 9",2274202
"Japan","Male",2025,"10 to 14",2608505
"Japan","Male",2025,"15 to 19",2774721
"Japan","Male",2025,"20 to 24",2953077
"Japan","Male",2025,"25 to 29",3124166
"Japan","Male",2025,"30 to 34",3152444
"Japan","Male",2025,"35 to 39",3343162
"Japan","Male",2025,"40 to 44",3645738
"Japan","Male",2025,"45 to 49",4238550
"Japan","Male",2025,"50 to 54",4844122
"Japan","Male",2025,"55 to 59",4210686
"Japan","Male",2025,"60 to 64",3813921
"Japan","Male",2025,"65 to 69",3475465
"Japan","Male",2025,"70 to 74",3656426
"Japan","Male",2025,"75 to 79",3917180
"Japan","Male",2025,"80 to 84",2643432
"Japan","Male",2025,"85 to 89",1586177
"Japan","Male",2025,"90 to 94",691214
"Japan","Male",2025,"95 plus",197894
"Japan","Male",2026,"0 to 4",2091905
"Japan","Male",2026,"5 to 9",2199789
"Japan","Male",2026,"10 to 14",2572863
"Japan","Male",2026,"15 to 19",2757705
"Japan","Male",2026,"20 to 24",2900425
"Japan","Male",2026,"25 to 29",3125441
"Japan","Male",2026,"30 to 34",3147994
"Japan","Male",2026,"35 to 39",3289290
"Japan","Male",2026,"40 to 44",3581773
"Japan","Male",2026,"45 to 49",4075064
"Japan","Male",2026,"50 to 54",4818449
"Japan","Male",2026,"55 to 59",4372261
"Japan","Male",2026,"60 to 64",3820209
"Japan","Male",2026,"65 to 69",3458374
"Japan","Male",2026,"70 to 74",3501156
"Japan","Male",2026,"75 to 79",4045546
"Japan","Male",2026,"80 to 84",2576345
"Japan","Male",2026,"85 to 89",1645079
"Japan","Male",2026,"90 to 94",723979
"Japan","Male",2026,"95 plus",205166
"Japan","Male",2027,"0 to 4",2091197
"Japan","Male",2027,"5 to 9",2148450
"Japan","Male",2027,"10 to 14",2520191
"Japan","Male",2027,"15 to 19",2727359
"Japan","Male",2027,"20 to 24",2864060
"Japan","Male",2027,"25 to 29",3110341
"Japan","Male",2027,"30 to 34",3149115
"Japan","Male",2027,"35 to 39",3246142
"Japan","Male",2027,"40 to 44",3529146
"Japan","Male",2027,"45 to 49",3927365
"Japan","Male",2027,"50 to 54",4723338
"Japan","Male",2027,"55 to 59",4531469
"Japan","Male",2027,"60 to 64",3850859
"Japan","Male",2027,"65 to 69",3478840
"Japan","Male",2027,"70 to 74",3374706
"Japan","Male",2027,"75 to 79",3973216
"Japan","Male",2027,"80 to 84",2641088
"Japan","Male",2027,"85 to 89",1713648
"Japan","Male",2027,"90 to 94",753572
"Japan","Male",2027,"95 plus",212949
"Japan","Male",2028,"0 to 4",2091956
"Japan","Male",2028,"5 to 9",2121073
"Japan","Male",2028,"10 to 14",2446113
"Japan","Male",2028,"15 to 19",2693591
"Japan","Male",2028,"20 to 24",2839277
"Japan","Male",2028,"25 to 29",3083151
"Japan","Male",2028,"30 to 34",3157394
"Japan","Male",2028,"35 to 39",3199135
"Japan","Male",2028,"40 to 44",3478762
"Japan","Male",2028,"45 to 49",3806099
"Japan","Male",2028,"50 to 54",4565970
"Japan","Male",2028,"55 to 59",4618623
"Japan","Male",2028,"60 to 64",3964459
"Japan","Male",2028,"65 to 69",3517899
"Japan","Male",2028,"70 to 74",3294698
"Japan","Male",2028,"75 to 79",3737140
"Japan","Male",2028,"80 to 84",2835526
"Japan","Male",2028,"85 to 89",1778066
"Japan","Male",2028,"90 to 94",770990
"Japan","Male",2028,"95 plus",221618
"Japan","Male",2029,"0 to 4",2092377
"Japan","Male",2029,"5 to 9",2110086
"Japan","Male",2029,"10 to 14",2362633
"Japan","Male",2029,"15 to 19",2658215
"Japan","Male",2029,"20 to 24",2821861
"Japan","Male",2029,"25 to 29",3045531
"Japan","Male",2029,"30 to 34",3156057
"Japan","Male",2029,"35 to 39",3175529
"Japan","Male",2029,"40 to 44",3417287
"Japan","Male",2029,"45 to 49",3710352
"Japan","Male",2029,"50 to 54",4377972
"Japan","Male",2029,"55 to 59",4718605
"Japan","Male",2029,"60 to 64",4038472
"Japan","Male",2029,"65 to 69",3570636
"Japan","Male",2029,"70 to 74",3262403
"Japan","Male",2029,"75 to 79",3470187
"Japan","Male",2029,"80 to 84",3045452
"Japan","Male",2029,"85 to 89",1828366
"Japan","Male",2029,"90 to 94",779130
"Japan","Male",2029,"95 plus",231450
"Japan","Male",2030,"0 to 4",2093291
"Japan","Male",2030,"5 to 9",2105392
"Japan","Male",2030,"10 to 14",2278845
"Japan","Male",2030,"15 to 19",2623048
"Japan","Male",2030,"20 to 24",2810040
"Japan","Male",2030,"25 to 29",2994066
"Japan","Male",2030,"30 to 34",3155811
"Japan","Male",2030,"35 to 39",3170982
"Japan","Male",2030,"40 to 44",3348109
"Japan","Male",2030,"45 to 49",3634555
"Japan","Male",2030,"50 to 54",4201334
"Japan","Male",2030,"55 to 59",4766715
"Japan","Male",2030,"60 to 64",4100332
"Japan","Male",2030,"65 to 69",3650071
"Japan","Male",2030,"70 to 74",3237639
"Japan","Male",2030,"75 to 79",3262338
"Japan","Male",2030,"80 to 84",3229269
"Japan","Male",2030,"85 to 89",1817530
"Japan","Male",2030,"90 to 94",798198
"Japan","Male",2030,"95 plus",242923
"Japan","Male",2031,"0 to 4",2094200
"Japan","Male",2031,"5 to 9",2100246
"Japan","Male",2031,"10 to 14",2204468
"Japan","Male",2031,"15 to 19",2587457
"Japan","Male",2031,"20 to 24",2793115
"Japan","Male",2031,"25 to 29",2941618
"Japan","Male",2031,"30 to 34",3157191
"Japan","Male",2031,"35 to 39",3166680
"Japan","Male",2031,"40 to 44",3294651
"Japan","Male",2031,"45 to 49",3571325
"Japan","Male",2031,"50 to 54",4040188
"Japan","Male",2031,"55 to 59",4742224
"Japan","Male",2031,"60 to 64",4258846
"Japan","Male",2031,"65 to 69",3657750
"Japan","Male",2031,"70 to 74",3225448
"Japan","Male",2031,"75 to 79",3130347
"Japan","Male",2031,"80 to 84",3329923
"Japan","Male",2031,"85 to 89",1776100
"Japan","Male",2031,"90 to 94",837255
"Japan","Male",2031,"95 plus",256352
"Japan","Male",2032,"0 to 4",2093296
"Japan","Male",2032,"5 to 9",2099560
"Japan","Male",2032,"10 to 14",2153159
"Japan","Male",2032,"15 to 19",2534840
"Japan","Male",2032,"20 to 24",2762881
"Japan","Male",2032,"25 to 29",2905418
"Japan","Male",2032,"30 to 34",3142232
"Japan","Male",2032,"35 to 39",3167933
"Japan","Male",2032,"40 to 44",3251869
"Japan","Male",2032,"45 to 49",3519328
"Japan","Male",2032,"50 to 54",3894613
"Japan","Male",2032,"55 to 59",4649497
"Japan","Male",2032,"60 to 64",4415098
"Japan","Male",2032,"65 to 69",3689084
"Japan","Male",2032,"70 to 74",3247910
"Japan","Male",2032,"75 to 79",3022999
"Japan","Male",2032,"80 to 84",3269807
"Japan","Male",2032,"85 to 89",1838689
"Japan","Male",2032,"90 to 94",880751
"Japan","Male",2032,"95 plus",268549
"Japan","Male",2033,"0 to 4",2091596
"Japan","Male",2033,"5 to 9",2100340
"Japan","Male",2033,"10 to 14",2125805
"Japan","Male",2033,"15 to 19",2460831
"Japan","Male",2033,"20 to 24",2729234
"Japan","Male",2033,"25 to 29",2880774
"Japan","Male",2033,"30 to 34",3115206
"Japan","Male",2033,"35 to 39",3176317
"Japan","Male",2033,"40 to 44",3205247
"Japan","Male",2033,"45 to 49",3469566
"Japan","Male",2033,"50 to 54",3775198
"Japan","Male",2033,"55 to 59",4495694
"Japan","Male",2033,"60 to 64",4501901
"Japan","Male",2033,"65 to 69",3800787
"Japan","Male",2033,"70 to 74",3287885
"Japan","Male",2033,"75 to 79",2956908
"Japan","Male",2033,"80 to 84",3081881
"Japan","Male",2033,"85 to 89",1997198
"Japan","Male",2033,"90 to 94",918670
"Japan","Male",2033,"95 plus",276430
"Japan","Male",2034,"0 to 4",2089776
"Japan","Male",2034,"5 to 9",2100780
"Japan","Male",2034,"10 to 14",2114833
"Japan","Male",2034,"15 to 19",2377426
"Japan","Male",2034,"20 to 24",2693977
"Japan","Male",2034,"25 to 29",2863481
"Japan","Male",2034,"30 to 34",3077769
"Japan","Male",2034,"35 to 39",3175114
"Japan","Male",2034,"40 to 44",3181930
"Japan","Male",2034,"45 to 49",3408774
"Japan","Male",2034,"50 to 54",3681032
"Japan","Male",2034,"55 to 59",4311840
"Japan","Male",2034,"60 to 64",4600947
"Japan","Male",2034,"65 to 69",3874505
"Japan","Male",2034,"70 to 74",3341037
"Japan","Male",2034,"75 to 79",2933429
"Japan","Male",2034,"80 to 84",2871269
"Japan","Male",2034,"85 to 89",2160648
"Japan","Male",2034,"90 to 94",945898
"Japan","Male",2034,"95 plus",281540
"Japan","Male",2035,"0 to 4",2086853
"Japan","Male",2035,"5 to 9",2101713
"Japan","Male",2035,"10 to 14",2110151
"Japan","Male",2035,"15 to 19",2293714
"Japan","Male",2035,"20 to 24",2658925
"Japan","Male",2035,"25 to 29",2851767
"Japan","Male",2035,"30 to 34",3026515
"Japan","Male",2035,"35 to 39",3174997
"Japan","Male",2035,"40 to 44",3177584
"Japan","Male",2035,"45 to 49",3340304
"Japan","Male",2035,"50 to 54",3606561
"Japan","Male",2035,"55 to 59",4139064
"Japan","Male",2035,"60 to 64",4649110
"Japan","Male",2035,"65 to 69",3936682
"Japan","Male",2035,"70 to 74",3419066
"Japan","Male",2035,"75 to 79",2916465
"Japan","Male",2035,"80 to 84",2709566
"Japan","Male",2035,"85 to 89",2291853
"Japan","Male",2035,"90 to 94",939275
"Japan","Male",2035,"95 plus",292033
"Japan","Male",2036,"0 to 4",2081827
"Japan","Male",2036,"5 to 9",2102642
"Japan","Male",2036,"10 to 14",2105017
"Japan","Male",2036,"15 to 19",2219415
"Japan","Male",2036,"20 to 24",2623448
"Japan","Male",2036,"25 to 29",2834958
"Japan","Male",2036,"30 to 34",2974277
"Japan","Male",2036,"35 to 39",3176497
"Japan","Male",2036,"40 to 44",3173473
"Japan","Male",2036,"45 to 49",3287443
"Japan","Male",2036,"50 to 54",3544448
"Japan","Male",2036,"55 to 59",3981399
"Japan","Male",2036,"60 to 64",4626359
"Japan","Male",2036,"65 to 69",4090768
"Japan","Male",2036,"70 to 74",3428779
"Japan","Male",2036,"75 to 79",2910663
"Japan","Male",2036,"80 to 84",2608733
"Japan","Male",2036,"85 to 89",2353903
"Japan","Male",2036,"90 to 94",921031
"Japan","Male",2036,"95 plus",311114
"Japan","Male",2037,"0 to 4",2075142
"Japan","Male",2037,"5 to 9",2101758
"Japan","Male",2037,"10 to 14",2104343
"Japan","Male",2037,"15 to 19",2168166
"Japan","Male",2037,"20 to 24",2570959
"Japan","Male",2037,"25 to 29",2804863
"Japan","Male",2037,"30 to 34",2938251
"Japan","Male",2037,"35 to 39",3161699
"Japan","Male",2037,"40 to 44",3174896
"Japan","Male",2037,"45 to 49",3245191
"Japan","Male",2037,"50 to 54",3493407
"Japan","Male",2037,"55 to 59",3838986
"Japan","Male",2037,"60 to 64",4537123
"Japan","Male",2037,"65 to 69",4242757
"Japan","Male",2037,"70 to 74",3461139
"Japan","Male",2037,"75 to 79",2935595
"Japan","Male",2037,"80 to 84",2526779
"Japan","Male",2037,"85 to 89",2308469
"Japan","Male",2037,"90 to 94",968701
"Japan","Male",2037,"95 plus",330845
"Japan","Male",2038,"0 to 4",2067173
"Japan","Male",2038,"5 to 9",2100077
"Japan","Male",2038,"10 to 14",2105133
"Japan","Male",2038,"15 to 19",2140854
"Japan","Male",2038,"20 to 24",2497101
"Japan","Male",2038,"25 to 29",2771356
"Japan","Male",2038,"30 to 34",2913753
"Japan","Male",2038,"35 to 39",3134858
"Japan","Male",2038,"40 to 44",3183415
"Japan","Male",2038,"45 to 49",3199122
"Japan","Male",2038,"50 to 54",3444581
"Japan","Male",2038,"55 to 59",3722311
"Japan","Male",2038,"60 to 64",4388502
"Japan","Male",2038,"65 to 69",4328993
"Japan","Male",2038,"70 to 74",3570026
"Japan","Male",2038,"75 to 79",2976479
"Japan","Male",2038,"80 to 84",2478764
"Japan","Male",2038,"85 to 89",2181930
"Japan","Male",2038,"90 to 94",1071143
"Japan","Male",2038,"95 plus",346101
"Japan","Male",2039,"0 to 4",2057934
"Japan","Male",2039,"5 to 9",2098276
"Japan","Male",2039,"10 to 14",2105582
"Japan","Male",2039,"15 to 19",2129910
"Japan","Male",2039,"20 to 24",2413861
"Japan","Male",2039,"25 to 29",2736239
"Japan","Male",2039,"30 to 34",2896586
"Japan","Male",2039,"35 to 39",3097629
"Japan","Male",2039,"40 to 44",3182382
"Japan","Male",2039,"45 to 49",3176227
"Japan","Male",2039,"50 to 54",3384818
"Japan","Male",2039,"55 to 59",3630474
"Japan","Male",2039,"60 to 64",4210685
"Japan","Male",2039,"65 to 69",4426636
"Japan","Male",2039,"70 to 74",3643162
"Japan","Male",2039,"75 to 79",3029898
"Japan","Male",2039,"80 to 84",2466318
"Japan","Male",2039,"85 to 89",2043356
"Japan","Male",2039,"90 to 94",1169904
"Japan","Male",2039,"95 plus",355933
"Japan","Male",2040,"0 to 4",2048167
"Japan","Male",2040,"5 to 9",2095372
"Japan","Male",2040,"10 to 14",2106525
"Japan","Male",2040,"15 to 19",2125251
"Japan","Male",2040,"20 to 24",2330323
"Japan","Male",2040,"25 to 29",2701327
"Japan","Male",2040,"30 to 34",2884985
"Japan","Male",2040,"35 to 39",3046618
"Japan","Male",2040,"40 to 44",3182435
"Japan","Male",2040,"45 to 49",3172173
"Japan","Male",2040,"50 to 54",3317434
"Japan","Male",2040,"55 to 59",3557985
"Japan","Male",2040,"60 to 64",4043590
"Japan","Male",2040,"65 to 69",4474953
"Japan","Male",2040,"70 to 74",3705735
"Japan","Male",2040,"75 to 79",3105934
"Japan","Male",2040,"80 to 84",2459291
"Japan","Male",2040,"85 to 89",1940336
"Japan","Male",2040,"90 to 94",1239479
"Japan","Male",2040,"95 plus",354870
"Japan","Male",2041,"0 to 4",2038428
"Japan","Male",2041,"5 to 9",2090366
"Japan","Male",2041,"10 to 14",2107463
"Japan","Male",2041,"15 to 19",2120140
"Japan","Male",2041,"20 to 24",2256188
"Japan","Male",2041,"25 to 29",2665986
"Japan","Male",2041,"30 to 34",2868291
"Japan","Male",2041,"35 to 39",2994626
"Japan","Male",2041,"40 to 44",3184091
"Japan","Male",2041,"45 to 49",3168342
"Japan","Male",2041,"50 to 54",3265492
"Japan","Male",2041,"55 to 59",3497547
"Japan","Male",2041,"60 to 64",3891046
"Japan","Male",2041,"65 to 69",4454814
"Japan","Male",2041,"70 to 74",3853776
"Japan","Male",2041,"75 to 79",3118308
"Japan","Male",2041,"80 to 84",2461443
"Japan","Male",2041,"85 to 89",1878368
"Japan","Male",2041,"90 to 94",1263728
"Japan","Male",2041,"95 plus",353934
"Zimbabwe","Female",2022,"0 to 4",1148611
"Zimbabwe","Female",2022,"5 to 9",1120400
"Zimbabwe","Female",2022,"10 to 14",1046632
"Zimbabwe","Female",2022,"15 to 19",922082
"Zimbabwe","Female",2022,"20 to 24",846154
"Zimbabwe","Female",2022,"25 to 29",667631
"Zimbabwe","Female",2022,"30 to 34",588502
"Zimbabwe","Female",2022,"35 to 39",601080
"Zimbabwe","Female",2022,"40 to 44",470228
"Zimbabwe","Female",2022,"45 to 49",340277
"Zimbabwe","Female",2022,"50 to 54",234888
"Zimbabwe","Female",2022,"55 to 59",161147
"Zimbabwe","Female",2022,"60 to 64",139674
"Zimbabwe","Female",2022,"65 to 69",131258
"Zimbabwe","Female",2022,"70 to 74",94897
"Zimbabwe","Female",2022,"75 to 79",54656
"Zimbabwe","Female",2022,"80 to 84",28125
"Zimbabwe","Female",2022,"85 to 89",12082
"Zimbabwe","Female",2022,"90 to 94",5110
"Zimbabwe","Female",2022,"95 plus",1500
"Zimbabwe","Female",2023,"0 to 4",1154994
"Zimbabwe","Female",2023,"5 to 9",1118892
"Zimbabwe","Female",2023,"10 to 14",1077586
"Zimbabwe","Female",2023,"15 to 19",930192
"Zimbabwe","Female",2023,"20 to 24",871211
"Zimbabwe","Female",2023,"25 to 29",693964
"Zimbabwe","Female",2023,"30 to 34",591631
"Zimbabwe","Female",2023,"35 to 39",596876
"Zimbabwe","Female",2023,"40 to 44",502430
"Zimbabwe","Female",2023,"45 to 49",358421
"Zimbabwe","Female",2023,"50 to 54",250101
"Zimbabwe","Female",2023,"55 to 59",168661
"Zimbabwe","Female",2023,"60 to 64",137286
"Zimbabwe","Female",2023,"65 to 69",129589
"Zimbabwe","Female",2023,"70 to 74",100112
"Zimbabwe","Female",2023,"75 to 79",55959
"Zimbabwe","Female",2023,"80 to 84",29689
"Zimbabwe","Female",2023,"85 to 89",12130
"Zimbabwe","Female",2023,"90 to 94",4901
"Zimbabwe","Female",2023,"95 plus",1529
"Zimbabwe","Female",2024,"0 to 4",1161445
"Zimbabwe","Female",2024,"5 to 9",1118810
"Zimbabwe","Female",2024,"10 to 14",1099678
"Zimbabwe","Female",2024,"15 to 19",946451
"Zimbabwe","Female",2024,"20 to 24",889071
"Zimbabwe","Female",2024,"25 to 29",725759
"Zimbabwe","Female",2024,"30 to 34",600381
"Zimbabwe","Female",2024,"35 to 39",587984
"Zimbabwe","Female",2024,"40 to 44",534091
"Zimbabwe","Female",2024,"45 to 49",375422
"Zimbabwe","Female",2024,"50 to 54",266469
"Zimbabwe","Female",2024,"55 to 59",178772
"Zimbabwe","Female",2024,"60 to 64",136423
"Zimbabwe","Female",2024,"65 to 69",127489
"Zimbabwe","Female",2024,"70 to 74",104162
"Zimbabwe","Female",2024,"75 to 79",58782
"Zimbabwe","Female",2024,"80 to 84",31547
"Zimbabwe","Female",2024,"85 to 89",12658
"Zimbabwe","Female",2024,"90 to 94",4800
"Zimbabwe","Female",2024,"95 plus",1570
"Zimbabwe","Female",2025,"0 to 4",1167898
"Zimbabwe","Female",2025,"5 to 9",1121936
"Zimbabwe","Female",2025,"10 to 14",1111107
"Zimbabwe","Female",2025,"15 to 19",971543
"Zimbabwe","Female",2025,"20 to 24",899683
"Zimbabwe","Female",2025,"25 to 29",761720
"Zimbabwe","Female",2025,"30 to 34",612553
"Zimbabwe","Female",2025,"35 to 39",578471
"Zimbabwe","Female",2025,"40 to 44",559898
"Zimbabwe","Female",2025,"45 to 49",393901
"Zimbabwe","Female",2025,"50 to 54",283783
"Zimbabwe","Female",2025,"55 to 59",190621
"Zimbabwe","Female",2025,"60 to 64",137245
"Zimbabwe","Female",2025,"65 to 69",124903
"Zimbabwe","Female",2025,"70 to 74",105906
"Zimbabwe","Female",2025,"75 to 79",63138
"Zimbabwe","Female",2025,"80 to 84",33349
"Zimbabwe","Female",2025,"85 to 89",13431
"Zimbabwe","Female",2025,"90 to 94",4739
"Zimbabwe","Female",2025,"95 plus",1589
"Zimbabwe","Female",2026,"0 to 4",1175027
"Zimbabwe","Female",2026,"5 to 9",1127452
"Zimbabwe","Female",2026,"10 to 14",1114912
"Zimbabwe","Female",2026,"15 to 19",1003883
"Zimbabwe","Female",2026,"20 to 24",904521
"Zimbabwe","Female",2026,"25 to 29",797298
"Zimbabwe","Female",2026,"30 to 34",628483
"Zimbabwe","Female",2026,"35 to 39",571548
"Zimbabwe","Female",2026,"40 to 44",574162
"Zimbabwe","Female",2026,"45 to 49",418595
"Zimbabwe","Female",2026,"50 to 54",301942
"Zimbabwe","Female",2026,"55 to 59",203563
"Zimbabwe","Female",2026,"60 to 64",140087
"Zimbabwe","Female",2026,"65 to 69",122340
"Zimbabwe","Female",2026,"70 to 74",106783
"Zimbabwe","Female",2026,"75 to 79",67367
"Zimbabwe","Female",2026,"80 to 84",35134
"Zimbabwe","Female",2026,"85 to 89",14319
"Zimbabwe","Female",2026,"90 to 94",4729
"Zimbabwe","Female",2026,"95 plus",1587
"Zimbabwe","Female",2027,"0 to 4",1183384
"Zimbabwe","Female",2027,"5 to 9",1133931
"Zimbabwe","Female",2027,"10 to 14",1114533
"Zimbabwe","Female",2027,"15 to 19",1038638
"Zimbabwe","Female",2027,"20 to 24",908355
"Zimbabwe","Female",2027,"25 to 29",828245
"Zimbabwe","Female",2027,"30 to 34",649507
"Zimbabwe","Female",2027,"35 to 39",569246
"Zimbabwe","Female",2027,"40 to 44",577755
"Zimbabwe","Female",2027,"45 to 49",448326
"Zimbabwe","Female",2027,"50 to 54",320299
"Zimbabwe","Female",2027,"55 to 59",217286
"Zimbabwe","Female",2027,"60 to 64",145046
"Zimbabwe","Female",2027,"65 to 69",120126
"Zimbabwe","Female",2027,"70 to 74",106797
"Zimbabwe","Female",2027,"75 to 79",71528
"Zimbabwe","Female",2027,"80 to 84",36724
"Zimbabwe","Female",2027,"85 to 89",15267
"Zimbabwe","Female",2027,"90 to 94",4769
"Zimbabwe","Female",2027,"95 plus",1570
"Zimbabwe","Female",2028,"0 to 4",1192435
"Zimbabwe","Female",2028,"5 to 9",1140535
"Zimbabwe","Female",2028,"10 to 14",1113098
"Zimbabwe","Female",2028,"15 to 19",1069497
"Zimbabwe","Female",2028,"20 to 24",916585
"Zimbabwe","Female",2028,"25 to 29",853164
"Zimbabwe","Female",2028,"30 to 34",675579
"Zimbabwe","Female",2028,"35 to 39",572642
"Zimbabwe","Female",2028,"40 to 44",574128
"Zimbabwe","Female",2028,"45 to 49",479582
"Zimbabwe","Female",2028,"50 to 54",337839
"Zimbabwe","Female",2028,"55 to 59",231798
"Zimbabwe","Female",2028,"60 to 64",152224
"Zimbabwe","Female",2028,"65 to 69",118520
"Zimbabwe","Female",2028,"70 to 74",105912
"Zimbabwe","Female",2028,"75 to 79",75840
"Zimbabwe","Female",2028,"80 to 84",37842
"Zimbabwe","Female",2028,"85 to 89",16279
"Zimbabwe","Female",2028,"90 to 94",4884
"Zimbabwe","Female",2028,"95 plus",1548
"Zimbabwe","Female",2029,"0 to 4",1202209
"Zimbabwe","Female",2029,"5 to 9",1147062
"Zimbabwe","Female",2029,"10 to 14",1113073
"Zimbabwe","Female",2029,"15 to 19",1091536
"Zimbabwe","Female",2029,"20 to 24",932850
"Zimbabwe","Female",2029,"25 to 29",870950
"Zimbabwe","Female",2029,"30 to 34",706964
"Zimbabwe","Female",2029,"35 to 39",581418
"Zimbabwe","Female",2029,"40 to 44",565827
"Zimbabwe","Female",2029,"45 to 49",510126
"Zimbabwe","Female",2029,"50 to 54",354104
"Zimbabwe","Female",2029,"55 to 59",247168
"Zimbabwe","Female",2029,"60 to 64",161511
"Zimbabwe","Female",2029,"65 to 69",117898
"Zimbabwe","Female",2029,"70 to 74",104264
"Zimbabwe","Female",2029,"75 to 79",78897
"Zimbabwe","Female",2029,"80 to 84",39788
"Zimbabwe","Female",2029,"85 to 89",17289
"Zimbabwe","Female",2029,"90 to 94",5107
"Zimbabwe","Female",2029,"95 plus",1525
"Zimbabwe","Female",2030,"0 to 4",1213364
"Zimbabwe","Female",2030,"5 to 9",1153600
"Zimbabwe","Female",2030,"10 to 14",1116244
"Zimbabwe","Female",2030,"15 to 19",1102976
"Zimbabwe","Female",2030,"20 to 24",957868
"Zimbabwe","Female",2030,"25 to 29",881606
"Zimbabwe","Female",2030,"30 to 34",742441
"Zimbabwe","Female",2030,"35 to 39",593520
"Zimbabwe","Female",2030,"40 to 44",556927
"Zimbabwe","Female",2030,"45 to 49",535061
"Zimbabwe","Female",2030,"50 to 54",371800
"Zimbabwe","Female",2030,"55 to 59",263435
"Zimbabwe","Female",2030,"60 to 64",172372
"Zimbabwe","Female",2030,"65 to 69",118739
"Zimbabwe","Female",2030,"70 to 74",102223
"Zimbabwe","Female",2030,"75 to 79",80249
"Zimbabwe","Female",2030,"80 to 84",42827
"Zimbabwe","Female",2030,"85 to 89",18274
"Zimbabwe","Female",2030,"90 to 94",5430
"Zimbabwe","Female",2030,"95 plus",1510
"Zimbabwe","Female",2031,"0 to 4",1225630
"Zimbabwe","Female",2031,"5 to 9",1160810
"Zimbabwe","Female",2031,"10 to 14",1121795
"Zimbabwe","Female",2031,"15 to 19",1106845
"Zimbabwe","Female",2031,"20 to 24",990062
"Zimbabwe","Female",2031,"25 to 29",886586
"Zimbabwe","Female",2031,"30 to 34",777555
"Zimbabwe","Female",2031,"35 to 39",609298
"Zimbabwe","Female",2031,"40 to 44",550531
"Zimbabwe","Female",2031,"45 to 49",548969
"Zimbabwe","Female",2031,"50 to 54",395430
"Zimbabwe","Female",2031,"55 to 59",280503
"Zimbabwe","Female",2031,"60 to 64",184231
"Zimbabwe","Female",2031,"65 to 69",121340
"Zimbabwe","Female",2031,"70 to 74",100204
"Zimbabwe","Female",2031,"75 to 79",80939
"Zimbabwe","Female",2031,"80 to 84",45747
"Zimbabwe","Female",2031,"85 to 89",19247
"Zimbabwe","Female",2031,"90 to 94",5792
"Zimbabwe","Female",2031,"95 plus",1508
"Zimbabwe","Female",2032,"0 to 4",1238355
"Zimbabwe","Female",2032,"5 to 9",1169226
"Zimbabwe","Female",2032,"10 to 14",1128308
"Zimbabwe","Female",2032,"15 to 19",1106557
"Zimbabwe","Female",2032,"20 to 24",1024642
"Zimbabwe","Female",2032,"25 to 29",890584
"Zimbabwe","Female",2032,"30 to 34",808144
"Zimbabwe","Female",2032,"35 to 39",630056
"Zimbabwe","Female",2032,"40 to 44",548600
"Zimbabwe","Female",2032,"45 to 49",552674
"Zimbabwe","Female",2032,"50 to 54",423856
"Zimbabwe","Female",2032,"55 to 59",297760
"Zimbabwe","Female",2032,"60 to 64",196804
"Zimbabwe","Female",2032,"65 to 69",125785
"Zimbabwe","Female",2032,"70 to 74",98477
"Zimbabwe","Female",2032,"75 to 79",80971
"Zimbabwe","Female",2032,"80 to 84",48571
"Zimbabwe","Female",2032,"85 to 89",20101
"Zimbabwe","Female",2032,"90 to 94",6172
"Zimbabwe","Female",2032,"95 plus",1516
"Zimbabwe","Female",2033,"0 to 4",1251307
"Zimbabwe","Female",2033,"5 to 9",1178331
"Zimbabwe","Female",2033,"10 to 14",1134946
"Zimbabwe","Female",2033,"15 to 19",1105224
"Zimbabwe","Female",2033,"20 to 24",1055362
"Zimbabwe","Female",2033,"25 to 29",898933
"Zimbabwe","Female",2033,"30 to 34",832836
"Zimbabwe","Female",2033,"35 to 39",655750
"Zimbabwe","Female",2033,"40 to 44",552172
"Zimbabwe","Female",2033,"45 to 49",549461
"Zimbabwe","Female",2033,"50 to 54",453717
"Zimbabwe","Female",2033,"55 to 59",314264
"Zimbabwe","Female",2033,"60 to 64",210104
"Zimbabwe","Female",2033,"65 to 69",132155
"Zimbabwe","Female",2033,"70 to 74",97249
"Zimbabwe","Female",2033,"75 to 79",80320
"Zimbabwe","Female",2033,"80 to 84",51419
"Zimbabwe","Female",2033,"85 to 89",20677
"Zimbabwe","Female",2033,"90 to 94",6574
"Zimbabwe","Female",2033,"95 plus",1543
"Zimbabwe","Female",2034,"0 to 4",1264136
"Zimbabwe","Female",2034,"5 to 9",1188163
"Zimbabwe","Female",2034,"10 to 14",1141509
"Zimbabwe","Female",2034,"15 to 19",1105299
"Zimbabwe","Female",2034,"20 to 24",1077348
"Zimbabwe","Female",2034,"25 to 29",915226
"Zimbabwe","Female",2034,"30 to 34",850549
"Zimbabwe","Female",2034,"35 to 39",686645
"Zimbabwe","Female",2034,"40 to 44",560944
"Zimbabwe","Female",2034,"45 to 49",541771
"Zimbabwe","Female",2034,"50 to 54",482882
"Zimbabwe","Female",2034,"55 to 59",329594
"Zimbabwe","Female",2034,"60 to 64",224204
"Zimbabwe","Female",2034,"65 to 69",140356
"Zimbabwe","Female",2034,"70 to 74",96832
"Zimbabwe","Female",2034,"75 to 79",79097
"Zimbabwe","Female",2034,"80 to 84",53428
"Zimbabwe","Female",2034,"85 to 89",21771
"Zimbabwe","Female",2034,"90 to 94",6976
"Zimbabwe","Female",2034,"95 plus",1602
"Zimbabwe","Female",2035,"0 to 4",1276306
"Zimbabwe","Female",2035,"5 to 9",1199375
"Zimbabwe","Female",2035,"10 to 14",1148085
"Zimbabwe","Female",2035,"15 to 19",1108551
"Zimbabwe","Female",2035,"20 to 24",1088835
"Zimbabwe","Female",2035,"25 to 29",940158
"Zimbabwe","Female",2035,"30 to 34",861280
"Zimbabwe","Female",2035,"35 to 39",721540
"Zimbabwe","Female",2035,"40 to 44",572936
"Zimbabwe","Female",2035,"45 to 49",533508
"Zimbabwe","Female",2035,"50 to 54",506720
"Zimbabwe","Female",2035,"55 to 59",346297
"Zimbabwe","Female",2035,"60 to 64",239144
"Zimbabwe","Female",2035,"65 to 69",149933
"Zimbabwe","Female",2035,"70 to 74",97629
"Zimbabwe","Female",2035,"75 to 79",77588
"Zimbabwe","Female",2035,"80 to 84",54339
"Zimbabwe","Female",2035,"85 to 89",23520
"Zimbabwe","Female",2035,"90 to 94",7372
"Zimbabwe","Female",2035,"95 plus",1691
"Zimbabwe","Female",2036,"0 to 4",1287102
"Zimbabwe","Female",2036,"5 to 9",1211684
"Zimbabwe","Female",2036,"10 to 14",1155330
"Zimbabwe","Female",2036,"15 to 19",1114166
"Zimbabwe","Female",2036,"20 to 24",1092824
"Zimbabwe","Female",2036,"25 to 29",972161
"Zimbabwe","Female",2036,"30 to 34",866441
"Zimbabwe","Female",2036,"35 to 39",756090
"Zimbabwe","Female",2036,"40 to 44",588496
"Zimbabwe","Female",2036,"45 to 49",527656
"Zimbabwe","Female",2036,"50 to 54",520131
"Zimbabwe","Female",2036,"55 to 59",368603
"Zimbabwe","Female",2036,"60 to 64",254828
"Zimbabwe","Female",2036,"65 to 69",160386
"Zimbabwe","Female",2036,"70 to 74",99891
"Zimbabwe","Female",2036,"75 to 79",76108
"Zimbabwe","Female",2036,"80 to 84",54795
"Zimbabwe","Female",2036,"85 to 89",25159
"Zimbabwe","Female",2036,"90 to 94",7760
"Zimbabwe","Female",2036,"95 plus",1789
"Zimbabwe","Female",2037,"0 to 4",1296163
"Zimbabwe","Female",2037,"5 to 9",1224447
"Zimbabwe","Female",2037,"10 to 14",1163776
"Zimbabwe","Female",2037,"15 to 19",1120734
"Zimbabwe","Female",2037,"20 to 24",1092696
"Zimbabwe","Female",2037,"25 to 29",1006510
"Zimbabwe","Female",2037,"30 to 34",870645
"Zimbabwe","Female",2037,"35 to 39",786236
"Zimbabwe","Female",2037,"40 to 44",608904
"Zimbabwe","Female",2037,"45 to 49",526095
"Zimbabwe","Female",2037,"50 to 54",523893
"Zimbabwe","Female",2037,"55 to 59",395423
"Zimbabwe","Female",2037,"60 to 64",270692
"Zimbabwe","Female",2037,"65 to 69",171469
"Zimbabwe","Female",2037,"70 to 74",103680
"Zimbabwe","Female",2037,"75 to 79",74857
"Zimbabwe","Female",2037,"80 to 84",54801
"Zimbabwe","Female",2037,"85 to 89",26689
"Zimbabwe","Female",2037,"90 to 94",8092
"Zimbabwe","Female",2037,"95 plus",1892
"Zimbabwe","Female",2038,"0 to 4",1303516
"Zimbabwe","Female",2038,"5 to 9",1237447
"Zimbabwe","Female",2038,"10 to 14",1172908
"Zimbabwe","Female",2038,"15 to 19",1127427
"Zimbabwe","Female",2038,"20 to 24",1091537
"Zimbabwe","Female",2038,"25 to 29",1037051
"Zimbabwe","Female",2038,"30 to 34",879135
"Zimbabwe","Female",2038,"35 to 39",810639
"Zimbabwe","Female",2038,"40 to 44",634116
"Zimbabwe","Female",2038,"45 to 49",529819
"Zimbabwe","Female",2038,"50 to 54",521097
"Zimbabwe","Female",2038,"55 to 59",423570
"Zimbabwe","Female",2038,"60 to 64",285874
"Zimbabwe","Female",2038,"65 to 69",183203
"Zimbabwe","Female",2038,"70 to 74",109058
"Zimbabwe","Female",2038,"75 to 79",73990
"Zimbabwe","Female",2038,"80 to 84",54347
"Zimbabwe","Female",2038,"85 to 89",28171
"Zimbabwe","Female",2038,"90 to 94",8306
"Zimbabwe","Female",2038,"95 plus",2001
"Zimbabwe","Female",2039,"0 to 4",1309619
"Zimbabwe","Female",2039,"5 to 9",1250330
"Zimbabwe","Female",2039,"10 to 14",1182764
"Zimbabwe","Female",2039,"15 to 19",1134046
"Zimbabwe","Female",2039,"20 to 24",1091777
"Zimbabwe","Female",2039,"25 to 29",1058976
"Zimbabwe","Female",2039,"30 to 34",895443
"Zimbabwe","Female",2039,"35 to 39",828244
"Zimbabwe","Female",2039,"40 to 44",664389
"Zimbabwe","Female",2039,"45 to 49",538534
"Zimbabwe","Female",2039,"50 to 54",514053
"Zimbabwe","Female",2039,"55 to 59",451028
"Zimbabwe","Female",2039,"60 to 64",299997
"Zimbabwe","Female",2039,"65 to 69",195656
"Zimbabwe","Female",2039,"70 to 74",115943
"Zimbabwe","Female",2039,"75 to 79",73743
"Zimbabwe","Female",2039,"80 to 84",53513
"Zimbabwe","Female",2039,"85 to 89",29206
"Zimbabwe","Female",2039,"90 to 94",8762
"Zimbabwe","Female",2039,"95 plus",2116
"Zimbabwe","Female",2040,"0 to 4",1314630
"Zimbabwe","Female",2040,"5 to 9",1262565
"Zimbabwe","Female",2040,"10 to 14",1193995
"Zimbabwe","Female",2040,"15 to 19",1140678
"Zimbabwe","Female",2040,"20 to 24",1095161
"Zimbabwe","Female",2040,"25 to 29",1070537
"Zimbabwe","Female",2040,"30 to 34",920250
"Zimbabwe","Female",2040,"35 to 39",839037
"Zimbabwe","Female",2040,"40 to 44",698553
"Zimbabwe","Female",2040,"45 to 49",550342
"Zimbabwe","Female",2040,"50 to 54",506475
"Zimbabwe","Female",2040,"55 to 59",473488
"Zimbabwe","Female",2040,"60 to 64",315425
"Zimbabwe","Female",2040,"65 to 69",208865
"Zimbabwe","Female",2040,"70 to 74",123968
"Zimbabwe","Female",2040,"75 to 79",74434
"Zimbabwe","Female",2040,"80 to 84",52498
"Zimbabwe","Female",2040,"85 to 89",29683
"Zimbabwe","Female",2040,"90 to 94",9507
"Zimbabwe","Female",2040,"95 plus",2235
"Zimbabwe","Female",2041,"0 to 4",1318258
"Zimbabwe","Female",2041,"5 to 9",1273439
"Zimbabwe","Female",2041,"10 to 14",1206320
"Zimbabwe","Female",2041,"15 to 19",1147974
"Zimbabwe","Female",2041,"20 to 24",1100884
"Zimbabwe","Female",2041,"25 to 29",1074695
"Zimbabwe","Female",2041,"30 to 34",952004
"Zimbabwe","Female",2041,"35 to 39",844393
"Zimbabwe","Female",2041,"40 to 44",732395
"Zimbabwe","Female",2041,"45 to 49",565602
"Zimbabwe","Female",2041,"50 to 54",501205
"Zimbabwe","Female",2041,"55 to 59",486231
"Zimbabwe","Female",2041,"60 to 64",336060
"Zimbabwe","Female",2041,"65 to 69",222744
"Zimbabwe","Female",2041,"70 to 74",132723
"Zimbabwe","Female",2041,"75 to 79",76258
"Zimbabwe","Female",2041,"80 to 84",51517
"Zimbabwe","Female",2041,"85 to 89",29907
"Zimbabwe","Female",2041,"90 to 94",10180
"Zimbabwe","Female",2041,"95 plus",2353
"Zimbabwe","Male",2022,"0 to 4",1166099
"Zimbabwe","Male",2022,"5 to 9",1120658
"Zimbabwe","Male",2022,"10 to 14",1029287
"Zimbabwe","Male",2022,"15 to 19",876753
"Zimbabwe","Male",2022,"20 to 24",773756
"Zimbabwe","Male",2022,"25 to 29",574173
"Zimbabwe","Male",2022,"30 to 34",454426
"Zimbabwe","Male",2022,"35 to 39",457281
"Zimbabwe","Male",2022,"40 to 44",378601
"Zimbabwe","Male",2022,"45 to 49",268571
"Zimbabwe","Male",2022,"50 to 54",173744
"Zimbabwe","Male",2022,"55 to 59",119768
"Zimbabwe","Male",2022,"60 to 64",97969
"Zimbabwe","Male",2022,"65 to 69",88834
"Zimbabwe","Male",2022,"70 to 74",65068
"Zimbabwe","Male",2022,"75 to 79",35608
"Zimbabwe","Male",2022,"80 to 84",16415
"Zimbabwe","Male",2022,"85 to 89",6090
"Zimbabwe","Male",2022,"90 to 94",2055
"Zimbabwe","Male",2022,"95 plus",446
"Zimbabwe","Male",2023,"0 to 4",1174272
"Zimbabwe","Male",2023,"5 to 9",1122223
"Zimbabwe","Male",2023,"10 to 14",1064584
"Zimbabwe","Male",2023,"15 to 19",890568
"Zimbabwe","Male",2023,"20 to 24",803053
"Zimbabwe","Male",2023,"25 to 29",605082
"Zimbabwe","Male",2023,"30 to 34",464917
"Zimbabwe","Male",2023,"35 to 39",449078
"Zimbabwe","Male",2023,"40 to 44",400661
"Zimbabwe","Male",2023,"45 to 49",283340
"Zimbabwe","Male",2023,"50 to 54",185268
"Zimbabwe","Male",2023,"55 to 59",124456
"Zimbabwe","Male",2023,"60 to 64",96415
"Zimbabwe","Male",2023,"65 to 69",86388
"Zimbabwe","Male",2023,"70 to 74",67395
"Zimbabwe","Male",2023,"75 to 79",36113
"Zimbabwe","Male",2023,"80 to 84",17041
"Zimbabwe","Male",2023,"85 to 89",6011
"Zimbabwe","Male",2023,"90 to 94",1945
"Zimbabwe","Male",2023,"95 plus",442
"Zimbabwe","Male",2024,"0 to 4",1181725
"Zimbabwe","Male",2024,"5 to 9",1125495
"Zimbabwe","Male",2024,"10 to 14",1090369
"Zimbabwe","Male",2024,"15 to 19",912510
"Zimbabwe","Male",2024,"20 to 24",825669
"Zimbabwe","Male",2024,"25 to 29",640388
"Zimbabwe","Male",2024,"30 to 34",481412
"Zimbabwe","Male",2024,"35 to 39",439661
"Zimbabwe","Male",2024,"40 to 44",421065
"Zimbabwe","Male",2024,"45 to 49",296885
"Zimbabwe","Male",2024,"50 to 54",198934
"Zimbabwe","Male",2024,"55 to 59",130608
"Zimbabwe","Male",2024,"60 to 64",96212
"Zimbabwe","Male",2024,"65 to 69",84400
"Zimbabwe","Male",2024,"70 to 74",68987
"Zimbabwe","Male",2024,"75 to 79",37667
"Zimbabwe","Male",2024,"80 to 84",17991
"Zimbabwe","Male",2024,"85 to 89",6231
"Zimbabwe","Male",2024,"90 to 94",1899
"Zimbabwe","Male",2024,"95 plus",453
"Zimbabwe","Male",2025,"0 to 4",1188598
"Zimbabwe","Male",2025,"5 to 9",1132032
"Zimbabwe","Male",2025,"10 to 14",1104964
"Zimbabwe","Male",2025,"15 to 19",942843
"Zimbabwe","Male",2025,"20 to 24",841571
"Zimbabwe","Male",2025,"25 to 29",679534
"Zimbabwe","Male",2025,"30 to 34",501945
"Zimbabwe","Male",2025,"35 to 39",432262
"Zimbabwe","Male",2025,"40 to 44",433904
"Zimbabwe","Male",2025,"45 to 49",312094
"Zimbabwe","Male",2025,"50 to 54",213968
"Zimbabwe","Male",2025,"55 to 59",137649
"Zimbabwe","Male",2025,"60 to 64",97169
"Zimbabwe","Male",2025,"65 to 69",82462
"Zimbabwe","Male",2025,"70 to 74",68943
"Zimbabwe","Male",2025,"75 to 79",40128
"Zimbabwe","Male",2025,"80 to 84",18933
"Zimbabwe","Male",2025,"85 to 89",6554
"Zimbabwe","Male",2025,"90 to 94",1865
"Zimbabwe","Male",2025,"95 plus",457
"Zimbabwe","Male",2026,"0 to 4",1195906
"Zimbabwe","Male",2026,"5 to 9",1140614
"Zimbabwe","Male",2026,"10 to 14",1111477
"Zimbabwe","Male",2026,"15 to 19",980398
"Zimbabwe","Male",2026,"20 to 24",851736
"Zimbabwe","Male",2026,"25 to 29",718575
"Zimbabwe","Male",2026,"30 to 34",526298
"Zimbabwe","Male",2026,"35 to 39",429807
"Zimbabwe","Male",2026,"40 to 44",436125
"Zimbabwe","Male",2026,"45 to 49",331477
"Zimbabwe","Male",2026,"50 to 54",229783
"Zimbabwe","Male",2026,"55 to 59",145620
"Zimbabwe","Male",2026,"60 to 64",99433
"Zimbabwe","Male",2026,"65 to 69",80791
"Zimbabwe","Male",2026,"70 to 74",68309
"Zimbabwe","Male",2026,"75 to 79",42425
"Zimbabwe","Male",2026,"80 to 84",19866
"Zimbabwe","Male",2026,"85 to 89",6913
"Zimbabwe","Male",2026,"90 to 94",1853
"Zimbabwe","Male",2026,"95 plus",455
"Zimbabwe","Male",2027,"0 to 4",1204400
"Zimbabwe","Male",2027,"5 to 9",1149516
"Zimbabwe","Male",2027,"10 to 14",1113779
"Zimbabwe","Male",2027,"15 to 19",1020185
"Zimbabwe","Male",2027,"20 to 24",860881
"Zimbabwe","Male",2027,"25 to 29",753245
"Zimbabwe","Male",2027,"30 to 34",554065
"Zimbabwe","Male",2027,"35 to 39",433976
"Zimbabwe","Male",2027,"40 to 44",431750
"Zimbabwe","Male",2027,"45 to 49",352650
"Zimbabwe","Male",2027,"50 to 54",245315
"Zimbabwe","Male",2027,"55 to 59",154869
"Zimbabwe","Male",2027,"60 to 64",102894
"Zimbabwe","Male",2027,"65 to 69",79516
"Zimbabwe","Male",2027,"70 to 74",67263
"Zimbabwe","Male",2027,"75 to 79",44522
"Zimbabwe","Male",2027,"80 to 84",20685
"Zimbabwe","Male",2027,"85 to 89",7294
"Zimbabwe","Male",2027,"90 to 94",1861
"Zimbabwe","Male",2027,"95 plus",450
"Zimbabwe","Male",2028,"0 to 4",1213592
"Zimbabwe","Male",2028,"5 to 9",1157764
"Zimbabwe","Male",2028,"10 to 14",1115372
"Zimbabwe","Male",2028,"15 to 19",1055292
"Zimbabwe","Male",2028,"20 to 24",874710
"Zimbabwe","Male",2028,"25 to 29",782194
"Zimbabwe","Male",2028,"30 to 34",584443
"Zimbabwe","Male",2028,"35 to 39",444488
"Zimbabwe","Male",2028,"40 to 44",424512
"Zimbabwe","Male",2028,"45 to 49",373918
"Zimbabwe","Male",2028,"50 to 54",259440
"Zimbabwe","Male",2028,"55 to 59",165719
"Zimbabwe","Male",2028,"60 to 64",107403
"Zimbabwe","Male",2028,"65 to 69",78749
"Zimbabwe","Male",2028,"70 to 74",65942
"Zimbabwe","Male",2028,"75 to 79",46503
"Zimbabwe","Male",2028,"80 to 84",21211
"Zimbabwe","Male",2028,"85 to 89",7715
"Zimbabwe","Male",2028,"90 to 94",1898
"Zimbabwe","Male",2028,"95 plus",442
"Zimbabwe","Male",2029,"0 to 4",1223508
"Zimbabwe","Male",2029,"5 to 9",1165187
"Zimbabwe","Male",2029,"10 to 14",1118656
"Zimbabwe","Male",2029,"15 to 19",1080936
"Zimbabwe","Male",2029,"20 to 24",896509
"Zimbabwe","Male",2029,"25 to 29",804514
"Zimbabwe","Male",2029,"30 to 34",618991
"Zimbabwe","Male",2029,"35 to 39",460601
"Zimbabwe","Male",2029,"40 to 44",415830
"Zimbabwe","Male",2029,"45 to 49",393240
"Zimbabwe","Male",2029,"50 to 54",272070
"Zimbabwe","Male",2029,"55 to 59",178143
"Zimbabwe","Male",2029,"60 to 64",112843
"Zimbabwe","Male",2029,"65 to 69",78683
"Zimbabwe","Male",2029,"70 to 74",64486
"Zimbabwe","Male",2029,"75 to 79",47586
"Zimbabwe","Male",2029,"80 to 84",22162
"Zimbabwe","Male",2029,"85 to 89",8152
"Zimbabwe","Male",2029,"90 to 94",1972
"Zimbabwe","Male",2029,"95 plus",433
"Zimbabwe","Male",2030,"0 to 4",1234829
"Zimbabwe","Male",2030,"5 to 9",1172042
"Zimbabwe","Male",2030,"10 to 14",1125190
"Zimbabwe","Male",2030,"15 to 19",1095476
"Zimbabwe","Male",2030,"20 to 24",926595
"Zimbabwe","Male",2030,"25 to 29",820266
"Zimbabwe","Male",2030,"30 to 34",657285
"Zimbabwe","Male",2030,"35 to 39",480592
"Zimbabwe","Male",2030,"40 to 44",409060
"Zimbabwe","Male",2030,"45 to 49",405462
"Zimbabwe","Male",2030,"50 to 54",286272
"Zimbabwe","Male",2030,"55 to 59",191803
"Zimbabwe","Male",2030,"60 to 64",119061
"Zimbabwe","Male",2030,"65 to 69",79574
"Zimbabwe","Male",2030,"70 to 74",63069
"Zimbabwe","Male",2030,"75 to 79",47577
"Zimbabwe","Male",2030,"80 to 84",23686
"Zimbabwe","Male",2030,"85 to 89",8586
"Zimbabwe","Male",2030,"90 to 94",2080
"Zimbabwe","Male",2030,"95 plus",427
"Zimbabwe","Male",2031,"0 to 4",1247267
"Zimbabwe","Male",2031,"5 to 9",1179321
"Zimbabwe","Male",2031,"10 to 14",1133762
"Zimbabwe","Male",2031,"15 to 19",1101998
"Zimbabwe","Male",2031,"20 to 24",963798
"Zimbabwe","Male",2031,"25 to 29",830409
"Zimbabwe","Male",2031,"30 to 34",695486
"Zimbabwe","Male",2031,"35 to 39",504272
"Zimbabwe","Male",2031,"40 to 44",406983
"Zimbabwe","Male",2031,"45 to 49",407752
"Zimbabwe","Male",2031,"50 to 54",304367
"Zimbabwe","Male",2031,"55 to 59",206171
"Zimbabwe","Male",2031,"60 to 64",126095
"Zimbabwe","Male",2031,"65 to 69",81539
"Zimbabwe","Male",2031,"70 to 74",61853
"Zimbabwe","Male",2031,"75 to 79",47159
"Zimbabwe","Male",2031,"80 to 84",25084
"Zimbabwe","Male",2031,"85 to 89",9012
"Zimbabwe","Male",2031,"90 to 94",2197
"Zimbabwe","Male",2031,"95 plus",425
"Zimbabwe","Male",2032,"0 to 4",1260103
"Zimbabwe","Male",2032,"5 to 9",1187767
"Zimbabwe","Male",2032,"10 to 14",1142650
"Zimbabwe","Male",2032,"15 to 19",1104348
"Zimbabwe","Male",2032,"20 to 24",1003192
"Zimbabwe","Male",2032,"25 to 29",839563
"Zimbabwe","Male",2032,"30 to 34",729447
"Zimbabwe","Male",2032,"35 to 39",531271
"Zimbabwe","Male",2032,"40 to 44",411218
"Zimbabwe","Male",2032,"45 to 49",403877
"Zimbabwe","Male",2032,"50 to 54",324120
"Zimbabwe","Male",2032,"55 to 59",220289
"Zimbabwe","Male",2032,"60 to 64",134251
"Zimbabwe","Male",2032,"65 to 69",84485
"Zimbabwe","Male",2032,"70 to 74",60938
"Zimbabwe","Male",2032,"75 to 79",46456
"Zimbabwe","Male",2032,"80 to 84",26325
"Zimbabwe","Male",2032,"85 to 89",9377
"Zimbabwe","Male",2032,"90 to 94",2317
"Zimbabwe","Male",2032,"95 plus",427
"Zimbabwe","Male",2033,"0 to 4",1273130
"Zimbabwe","Male",2033,"5 to 9",1196907
"Zimbabwe","Male",2033,"10 to 14",1150891
"Zimbabwe","Male",2033,"15 to 19",1106005
"Zimbabwe","Male",2033,"20 to 24",1037958
"Zimbabwe","Male",2033,"25 to 29",853332
"Zimbabwe","Male",2033,"30 to 34",757851
"Zimbabwe","Male",2033,"35 to 39",560824
"Zimbabwe","Male",2033,"40 to 44",421505
"Zimbabwe","Male",2033,"45 to 49",397334
"Zimbabwe","Male",2033,"50 to 54",343945
"Zimbabwe","Male",2033,"55 to 59",233150
"Zimbabwe","Male",2033,"60 to 64",143818
"Zimbabwe","Male",2033,"65 to 69",88292
"Zimbabwe","Male",2033,"70 to 74",60417
"Zimbabwe","Male",2033,"75 to 79",45570
"Zimbabwe","Male",2033,"80 to 84",27445
"Zimbabwe","Male",2033,"85 to 89",9601
"Zimbabwe","Male",2033,"90 to 94",2451
"Zimbabwe","Male",2033,"95 plus",433
"Zimbabwe","Male",2034,"0 to 4",1286018
"Zimbabwe","Male",2034,"5 to 9",1206766
"Zimbabwe","Male",2034,"10 to 14",1158311
"Zimbabwe","Male",2034,"15 to 19",1109345
"Zimbabwe","Male",2034,"20 to 24",1063382
"Zimbabwe","Male",2034,"25 to 29",874943
"Zimbabwe","Male",2034,"30 to 34",779816
"Zimbabwe","Male",2034,"35 to 39",594423
"Zimbabwe","Male",2034,"40 to 44",437123
"Zimbabwe","Male",2034,"45 to 49",389440
"Zimbabwe","Male",2034,"50 to 54",361940
"Zimbabwe","Male",2034,"55 to 59",244681
"Zimbabwe","Male",2034,"60 to 64",154767
"Zimbabwe","Male",2034,"65 to 69",92867
"Zimbabwe","Male",2034,"70 to 74",60442
"Zimbabwe","Male",2034,"75 to 79",44597
"Zimbabwe","Male",2034,"80 to 84",28045
"Zimbabwe","Male",2034,"85 to 89",10054
"Zimbabwe","Male",2034,"90 to 94",2592
"Zimbabwe","Male",2034,"95 plus",448
"Zimbabwe","Male",2035,"0 to 4",1298211
"Zimbabwe","Male",2035,"5 to 9",1218022
"Zimbabwe","Male",2035,"10 to 14",1165165
"Zimbabwe","Male",2035,"15 to 19",1115909
"Zimbabwe","Male",2035,"20 to 24",1077847
"Zimbabwe","Male",2035,"25 to 29",904691
"Zimbabwe","Male",2035,"30 to 34",795400
"Zimbabwe","Male",2035,"35 to 39",631644
"Zimbabwe","Male",2035,"40 to 44",456429
"Zimbabwe","Male",2035,"45 to 49",383337
"Zimbabwe","Male",2035,"50 to 54",373374
"Zimbabwe","Male",2035,"55 to 59",257676
"Zimbabwe","Male",2035,"60 to 64",166799
"Zimbabwe","Male",2035,"65 to 69",98090
"Zimbabwe","Male",2035,"70 to 74",61209
"Zimbabwe","Male",2035,"75 to 79",43654
"Zimbabwe","Male",2035,"80 to 84",28038
"Zimbabwe","Male",2035,"85 to 89",10796
"Zimbabwe","Male",2035,"90 to 94",2732
"Zimbabwe","Male",2035,"95 plus",469
"Zimbabwe","Male",2036,"0 to 4",1308968
"Zimbabwe","Male",2036,"5 to 9",1230382
"Zimbabwe","Male",2036,"10 to 14",1172443
"Zimbabwe","Male",2036,"15 to 19",1124491
"Zimbabwe","Male",2036,"20 to 24",1084404
"Zimbabwe","Male",2036,"25 to 29",941414
"Zimbabwe","Male",2036,"30 to 34",805526
"Zimbabwe","Male",2036,"35 to 39",668783
"Zimbabwe","Male",2036,"40 to 44",479265
"Zimbabwe","Male",2036,"45 to 49",381647
"Zimbabwe","Male",2036,"50 to 54",375671
"Zimbabwe","Male",2036,"55 to 59",274241
"Zimbabwe","Male",2036,"60 to 64",179454
"Zimbabwe","Male",2036,"65 to 69",104003
"Zimbabwe","Male",2036,"70 to 74",62810
"Zimbabwe","Male",2036,"75 to 79",42855
"Zimbabwe","Male",2036,"80 to 84",27793
"Zimbabwe","Male",2036,"85 to 89",11454
"Zimbabwe","Male",2036,"90 to 94",2868
"Zimbabwe","Male",2036,"95 plus",492
"Zimbabwe","Male",2037,"0 to 4",1318011
"Zimbabwe","Male",2037,"5 to 9",1243131
"Zimbabwe","Male",2037,"10 to 14",1180881
"Zimbabwe","Male",2037,"15 to 19",1133386
"Zimbabwe","Male",2037,"20 to 24",1086852
"Zimbabwe","Male",2037,"25 to 29",980278
"Zimbabwe","Male",2037,"30 to 34",814705
"Zimbabwe","Male",2037,"35 to 39",701841
"Zimbabwe","Male",2037,"40 to 44",505303
"Zimbabwe","Male",2037,"45 to 49",385909
"Zimbabwe","Male",2037,"50 to 54",372303
"Zimbabwe","Male",2037,"55 to 59",292322
"Zimbabwe","Male",2037,"60 to 64",191895
"Zimbabwe","Male",2037,"65 to 69",110862
"Zimbabwe","Male",2037,"70 to 74",65172
"Zimbabwe","Male",2037,"75 to 79",42268
"Zimbabwe","Male",2037,"80 to 84",27384
"Zimbabwe","Male",2037,"85 to 89",12014
"Zimbabwe","Male",2037,"90 to 94",2980
"Zimbabwe","Male",2037,"95 plus",518
"Zimbabwe","Male",2038,"0 to 4",1325383
"Zimbabwe","Male",2038,"5 to 9",1256075
"Zimbabwe","Male",2038,"10 to 14",1190010
"Zimbabwe","Male",2038,"15 to 19",1141637
"Zimbabwe","Male",2038,"20 to 24",1088628
"Zimbabwe","Male",2038,"25 to 29",1014597
"Zimbabwe","Male",2038,"30 to 34",828405
"Zimbabwe","Male",2038,"35 to 39",729548
"Zimbabwe","Male",2038,"40 to 44",533816
"Zimbabwe","Male",2038,"45 to 49",395887
"Zimbabwe","Male",2038,"50 to 54",366499
"Zimbabwe","Male",2038,"55 to 59",310443
"Zimbabwe","Male",2038,"60 to 64",203242
"Zimbabwe","Male",2038,"65 to 69",118903
"Zimbabwe","Male",2038,"70 to 74",68195
"Zimbabwe","Male",2038,"75 to 79",41958
"Zimbabwe","Male",2038,"80 to 84",26872
"Zimbabwe","Male",2038,"85 to 89",12486
"Zimbabwe","Male",2038,"90 to 94",3043
"Zimbabwe","Male",2038,"95 plus",545
"Zimbabwe","Male",2039,"0 to 4",1331460
"Zimbabwe","Male",2039,"5 to 9",1268897
"Zimbabwe","Male",2039,"10 to 14",1199856
"Zimbabwe","Male",2039,"15 to 19",1149074
"Zimbabwe","Male",2039,"20 to 24",1092072
"Zimbabwe","Male",2039,"25 to 29",1039754
"Zimbabwe","Male",2039,"30 to 34",849782
"Zimbabwe","Male",2039,"35 to 39",751059
"Zimbabwe","Male",2039,"40 to 44",566226
"Zimbabwe","Male",2039,"45 to 49",410884
"Zimbabwe","Male",2039,"50 to 54",359457
"Zimbabwe","Male",2039,"55 to 59",326870
"Zimbabwe","Male",2039,"60 to 64",213441
"Zimbabwe","Male",2039,"65 to 69",128101
"Zimbabwe","Male",2039,"70 to 74",71808
"Zimbabwe","Male",2039,"75 to 79",42032
"Zimbabwe","Male",2039,"80 to 84",26314
"Zimbabwe","Male",2039,"85 to 89",12727
"Zimbabwe","Male",2039,"90 to 94",3195
"Zimbabwe","Male",2039,"95 plus",575
"Zimbabwe","Male",2040,"0 to 4",1336390
"Zimbabwe","Male",2040,"5 to 9",1281040
"Zimbabwe","Male",2040,"10 to 14",1211090
"Zimbabwe","Male",2040,"15 to 19",1155952
"Zimbabwe","Male",2040,"20 to 24",1098697
"Zimbabwe","Male",2040,"25 to 29",1054151
"Zimbabwe","Male",2040,"30 to 34",879112
"Zimbabwe","Male",2040,"35 to 39",766424
"Zimbabwe","Male",2040,"40 to 44",602112
"Zimbabwe","Male",2040,"45 to 49",429350
"Zimbabwe","Male",2040,"50 to 54",354071
"Zimbabwe","Male",2040,"55 to 59",337351
"Zimbabwe","Male",2040,"60 to 64",224986
"Zimbabwe","Male",2040,"65 to 69",138203
"Zimbabwe","Male",2040,"70 to 74",75930
"Zimbabwe","Male",2040,"75 to 79",42632
"Zimbabwe","Male",2040,"80 to 84",25779
"Zimbabwe","Male",2040,"85 to 89",12718
"Zimbabwe","Male",2040,"90 to 94",3449
"Zimbabwe","Male",2040,"95 plus",605
"Zimbabwe","Male",2041,"0 to 4",1339914
"Zimbabwe","Male",2041,"5 to 9",1291760
"Zimbabwe","Male",2041,"10 to 14",1223423
"Zimbabwe","Male",2041,"15 to 19",1163247
"Zimbabwe","Male",2041,"20 to 24",1107303
"Zimbabwe","Male",2041,"25 to 29",1060785
"Zimbabwe","Male",2041,"30 to 34",915238
"Zimbabwe","Male",2041,"35 to 39",776516
"Zimbabwe","Male",2041,"40 to 44",637927
"Zimbabwe","Male",2041,"45 to 49",451154
"Zimbabwe","Male",2041,"50 to 54",352768
"Zimbabwe","Male",2041,"55 to 59",339587
"Zimbabwe","Male",2041,"60 to 64",239733
"Zimbabwe","Male",2041,"65 to 69",148825
"Zimbabwe","Male",2041,"70 to 74",80602
"Zimbabwe","Male",2041,"75 to 79",43819
"Zimbabwe","Male",2041,"80 to 84",25332
"Zimbabwe","Male",2041,"85 to 89",12602
"Zimbabwe","Male",2041,"90 to 94",3665
"Zimbabwe","Male",2041,"95 plus",634
